Date,Open,High,Low,Close,Adj Close,Volume
1/4/2016,54.32,54.799999,53.389999,54.799999,50.258858,53778000
1/5/2016,54.93,55.389999,54.540001,55.049999,50.488148,34079700
1/6/2016,54.32,54.400002,53.639999,54.049999,49.571011,39518900
1/7/2016,52.700001,53.490002,52.07,52.169998,47.846802,56564900
1/8/2016,52.369999,53.279999,52.150002,52.330002,47.993549,48754000
1/11/2016,52.509998,52.849998,51.459999,52.299999,47.96603,36943800
1/12/2016,52.759998,53.099998,52.060001,52.779999,48.406258,36095500
1/13/2016,53.799999,54.07,51.299999,51.639999,47.360725,66883600
1/14/2016,52,53.419998,51.57,53.110001,48.708912,52381900
1/15/2016,51.310001,51.970001,50.34,50.990002,46.764599,71820700
1/19/2016,51.48,51.68,50.060001,50.560001,46.37022,43564500
1/20/2016,49.98,51.380001,49.099998,50.790001,46.581158,63273000
1/21/2016,51,51.580002,50.299999,50.48,46.296844,40191200
1/22/2016,51.41,52.330002,51.259998,52.290001,47.956856,37555800
1/25/2016,51.939999,52.650002,51.650002,51.790001,47.498287,34707700
1/26/2016,51.790001,52.439999,51.549999,52.169998,47.846802,28900800
1/27/2016,52.009998,52.200001,51.02,51.220001,46.975529,36775200
1/28/2016,51.860001,52.209999,51.25,52.060001,47.745911,62513800
1/29/2016,54.73,55.09,54,55.09,50.524834,83611700
2/1/2016,54.880001,55.09,54.5,54.709999,50.176315,44208500
2/2/2016,54.169998,54.259998,52.650002,53,48.608032,56313800
2/3/2016,53.25,53.389999,51.259998,52.16,47.837627,57559800
2/4/2016,52.099998,52.810001,51.369999,52,47.690899,46987100
2/5/2016,51.939999,52,49.560001,50.16,46.003372,62009000
2/8/2016,49.549999,49.57,48.189999,49.41,45.315506,59290500
2/9/2016,49.02,50.240002,48.669998,49.279999,45.196285,46740500
2/10/2016,49.889999,50.389999,49.52,49.709999,45.59066,38237000
2/11/2016,48.68,50.110001,48.509998,49.689999,45.572311,48878600
2/12/2016,50.25,50.68,49.75,50.5,46.315201,34243300
2/16/2016,50.900002,51.09,50.130001,51.09,47.192726,37291200
2/17/2016,51.490002,52.77,51.450001,52.419998,48.421268,40789000
2/18/2016,52.330002,52.950001,52.099998,52.189999,48.208809,27176000
2/19/2016,51.970001,52.279999,51.529999,51.82,47.867031,33559100
2/22/2016,52.279999,53,52.279999,52.650002,48.633724,25008300
2/23/2016,52.34,52.369999,50.98,51.18,47.275856,28895300
2/24/2016,50.689999,51.5,50.200001,51.360001,47.442127,33014500
2/25/2016,51.73,52.099998,50.610001,52.099998,48.125687,26939500
2/26/2016,52.599998,52.68,51.099998,51.299999,47.386696,35975900
2/29/2016,51.349998,51.650002,50.66,50.880001,46.998749,31654000
3/1/2016,50.970001,52.59,50.919998,52.580002,48.569069,33024500
3/2/2016,52.41,52.959999,52.16,52.950001,48.910843,29289900
3/3/2016,52.970001,52.970001,51.779999,52.349998,48.356609,24427800
3/4/2016,52.400002,52.450001,51.709999,52.029999,48.06102,33034200
3/7/2016,51.560001,51.799999,50.580002,51.029999,47.137302,38407800
3/8/2016,50.799999,52.130001,50.599998,51.650002,47.710007,33835100
3/9/2016,51.889999,52.849998,51.860001,52.84,48.809235,28251600
3/10/2016,52.93,52.939999,51.16,52.049999,48.079498,38387800
3/11/2016,53,53.07,52.380001,53.07,49.021679,32275700
3/14/2016,52.709999,53.59,52.630001,53.169998,49.114056,24083600
3/15/2016,52.75,53.59,52.740002,53.59,49.502014,21104800
3/16/2016,53.450001,54.599998,53.400002,54.349998,50.204044,31691700
3/17/2016,54.209999,55,54,54.66,50.490391,28223900
3/18/2016,54.919998,54.970001,53.450001,53.490002,49.409645,67625500
3/21/2016,53.25,53.93,52.93,53.860001,49.751419,23925700
3/22/2016,53.610001,54.25,53.459999,54.07,49.9454,23124100
3/23/2016,54.110001,54.240002,53.740002,53.970001,49.853035,20129000
3/24/2016,53.84,54.330002,53.73,54.209999,50.074722,19950000
3/28/2016,54.209999,54.290001,53.330002,53.540001,49.455826,17025100
3/29/2016,53.66,54.860001,53.450001,54.709999,50.536575,23924300
3/30/2016,54.93,55.639999,54.900002,55.049999,50.850651,23008300
3/31/2016,54.950001,55.59,54.860001,55.23,51.016907,26360500
4/1/2016,55.049999,55.610001,54.57,55.57,51.330982,24399200
4/4/2016,55.43,55.66,55,55.43,51.201664,18928800
4/5/2016,55.189999,55.299999,54.459999,54.560001,50.398029,19272300
4/6/2016,54.360001,55.200001,54.209999,55.119999,50.915302,21188700
4/7/2016,54.869999,54.91,54.23,54.459999,50.30566,19225100
4/8/2016,54.669998,55.279999,54.32,54.419998,50.268703,22167200
4/11/2016,54.490002,55.150002,54.299999,54.310001,50.167099,21414200
4/12/2016,54.369999,54.779999,53.759998,54.650002,50.481159,24944300
4/13/2016,55.119999,55.439999,54.889999,55.349998,51.12775,20818000
4/14/2016,55.220001,55.580002,55.07,55.360001,51.136993,20877100
4/15/2016,55.299999,55.919998,55.110001,55.650002,51.404877,28793800
4/18/2016,55.490002,56.59,55.209999,56.459999,52.153084,23786000
4/19/2016,56.630001,56.77,55.68,56.389999,52.088421,29596800
4/20/2016,56.290001,56.5,55.490002,55.59,51.349457,36195700
4/21/2016,55.799999,56.23,55.419998,55.779999,51.52496,38909100
4/22/2016,51.91,52.43,50.77,51.779999,47.83009,126834100
4/25/2016,51.779999,52.130001,51.630001,52.110001,48.134914,33226900
4/26/2016,52.259998,52.349998,51.09,51.439999,47.516026,33532600
4/27/2016,51.48,51.5,50.549999,50.939999,47.054169,43369300
4/28/2016,50.619999,50.77,49.560001,49.900002,46.093498,43134800
4/29/2016,49.349998,50.25,49.349998,49.869999,46.065788,48411700
5/2/2016,50,50.75,49.779999,50.610001,46.749344,33114500
5/3/2016,50.34,50.41,49.599998,49.779999,45.982651,26460200
5/4/2016,49.84,50.060001,49.459999,49.869999,46.065788,24257600
5/5/2016,49.869999,50.299999,49.73,49.939999,46.130447,25390700
5/6/2016,49.919998,50.389999,49.66,50.389999,46.546124,24787300
5/9/2016,50.490002,50.59,50,50.07,46.250538,17951600
5/10/2016,50.330002,51.099998,50.189999,51.02,47.128071,22891000
5/11/2016,51.130001,51.779999,51,51.049999,47.155777,24039100
5/12/2016,51.200001,51.810001,50.919998,51.509998,47.580685,24102800
5/13/2016,51.439999,51.900002,51.040001,51.080002,47.183495,22592300
5/16/2016,50.799999,51.959999,50.75,51.830002,47.876282,20032000
5/17/2016,51.720001,51.73,50.360001,50.509998,46.983299,27803500
5/18/2016,50.48,51.139999,50.299999,50.810001,47.262356,24907500
5/19/2016,50.470001,50.619999,49.82,50.32,46.806568,23842400
5/20/2016,50.48,51.220001,50.400002,50.619999,47.085617,23905800
5/23/2016,50.599998,50.68,49.98,50.029999,46.536827,26118700
5/24/2016,50.700001,51.709999,50.400002,51.59,47.987904,34757900
5/25/2016,51.919998,52.490002,51.790001,52.119999,48.480888,24040200
5/26/2016,51.93,51.98,51.360001,51.889999,48.266949,24335200
5/27/2016,51.919998,52.32,51.77,52.32,48.666931,17721400
5/31/2016,52.259998,53,52.080002,53,49.299458,37653100
6/1/2016,52.439999,52.950001,52.439999,52.849998,49.159916,25324800
6/2/2016,52.639999,52.740002,51.84,52.48,48.815765,22840800
6/3/2016,52.380001,52.419998,51.599998,51.790001,48.173923,23368300
6/6/2016,51.990002,52.349998,51.889999,52.130001,48.490204,18243300
6/7/2016,52.240002,52.73,52.099998,52.099998,48.462296,20866800
6/8/2016,52.02,52.439999,51.869999,52.040001,48.406471,21149400
6/9/2016,52,52,51.490002,51.619999,48.015793,20305700
6/10/2016,51.049999,52.049999,51.040001,51.48,47.885574,25833200
6/13/2016,49.580002,50.720001,49.060001,50.139999,46.63913,83217800
6/14/2016,49.900002,50.099998,49.57,49.830002,46.35078,42577100
6/15/2016,49.779999,50.119999,49.689999,49.689999,46.220554,33757600
6/16/2016,49.52,50.470001,49.509998,50.389999,46.871685,31188600
6/17/2016,50.41,50.43,49.82,50.130001,46.629837,45710500
6/20/2016,50.639999,50.830002,50.029999,50.07,46.574028,35607900
6/21/2016,50.200001,51.43,50.16,51.189999,47.615826,34097800
6/22/2016,51.080002,51.459999,50.950001,50.990002,47.429798,28816800
6/23/2016,51.279999,52.060001,51.150002,51.91,48.285553,29028800
6/24/2016,49.810001,50.939999,49.52,49.830002,46.35078,133503000
6/27/2016,49.099998,49.150002,48.040001,48.43,45.048534,50216300
6/28/2016,48.919998,49.470001,48.669998,49.439999,45.988007,38140700
6/29/2016,49.91,50.720001,49.799999,50.540001,47.011208,31304000
6/30/2016,50.720001,51.299999,50.5,51.169998,47.597221,28527800
7/1/2016,51.130001,51.720001,51.07,51.16,47.587921,21400400
7/5/2016,50.830002,51.279999,50.740002,51.169998,47.597221,24806400
7/6/2016,50.779999,51.540001,50.389999,51.380001,47.792561,28167500
7/7/2016,51.419998,51.610001,51.07,51.380001,47.792561,19585200
7/8/2016,51.73,52.360001,51.549999,52.299999,48.648323,28391000
7/11/2016,52.5,52.830002,52.470001,52.59,48.918079,22269200
7/12/2016,52.939999,53.400002,52.790001,53.209999,49.494789,27317600
7/13/2016,53.560001,53.860001,53.18,53.509998,49.773834,25356800
7/14/2016,53.84,53.990002,53.580002,53.740002,49.987782,24545500
7/15/2016,53.950001,54,53.209999,53.700001,49.950577,32024400
7/18/2016,53.700001,54.34,53.549999,53.959999,50.192417,31433900
7/19/2016,53.709999,53.900002,52.93,53.09,49.383167,53336500
7/20/2016,56.150002,56.84,55.529999,55.91,52.006268,89893300
7/21/2016,55.98,56.23,55.759998,55.799999,51.90395,32776700
7/22/2016,56.080002,56.630001,55.779999,56.57,52.62019,32157200
7/25/2016,56.470001,56.740002,56.259998,56.73,52.769005,25610600
7/26/2016,56.52,57.290001,56.509998,56.759998,52.796913,28079000
7/27/2016,56.610001,56.799999,56.110001,56.189999,52.266716,32327500
7/28/2016,56,56.369999,55.720001,56.209999,52.28532,37550400
7/29/2016,56.259998,56.759998,56.049999,56.68,52.7225,30558700
8/1/2016,56.599998,56.75,56.139999,56.580002,52.629486,26003400
8/2/2016,56.849998,56.900002,56.310001,56.580002,52.629486,35122000
8/3/2016,56.68,57.110001,56.490002,56.970001,52.99226,22075600
8/4/2016,56.799999,57.52,56.669998,57.389999,53.382931,26587700
8/5/2016,57.650002,58.209999,57.450001,57.959999,53.913132,29335200
8/8/2016,58.060001,58.09,57.779999,58.060001,54.006149,19473500
8/9/2016,58.169998,58.5,58.02,58.200001,54.136372,16920700
8/10/2016,58.16,58.32,57.82,58.02,53.968948,15756900
8/11/2016,58.029999,58.450001,58.029999,58.299999,54.229393,18162300
8/12/2016,58.029999,58.189999,57.619999,57.939999,53.894531,21655200
8/15/2016,58.009998,58.5,57.959999,58.119999,54.061958,19283900
8/16/2016,57.610001,57.619999,57.27,57.439999,53.76244,20523500
8/17/2016,57.540001,57.68,57.23,57.560001,53.87476,18856400
8/18/2016,57.419998,57.700001,57.27,57.599998,53.912209,14214300
8/19/2016,57.43,57.73,57.200001,57.619999,53.930923,17271000
8/22/2016,57.599998,57.75,57.259998,57.669998,53.977722,15221900
8/23/2016,57.900002,58.18,57.849998,57.889999,54.183636,18732400
8/24/2016,57.799999,58.040001,57.720001,57.950001,54.239796,18151500
8/25/2016,57.880001,58.290001,57.779999,58.169998,54.445709,18552600
8/26/2016,58.279999,58.700001,57.689999,58.029999,54.314671,20971200
8/29/2016,58.18,58.599998,58.099998,58.099998,54.380192,16417200
8/30/2016,57.98,58.189999,57.610001,57.889999,54.183636,16930200
8/31/2016,57.650002,57.799999,57.299999,57.459999,53.78117,20860300
9/1/2016,57.009998,57.82,57.009998,57.59,53.902843,26075400
9/2/2016,57.669998,58.189999,57.419998,57.669998,53.977722,18900500
9/6/2016,57.779999,57.799999,57.209999,57.610001,53.92157,16278400
9/7/2016,57.470001,57.84,57.41,57.66,53.968357,17493400
9/8/2016,57.630001,57.790001,57.18,57.43,53.753082,20146100
9/9/2016,56.790001,57.52,56.209999,56.209999,52.611198,35113900
9/12/2016,56,57.209999,55.610001,57.049999,53.397419,29303000
9/13/2016,56.5,56.650002,56.049999,56.529999,52.910713,30130200
9/14/2016,56.389999,56.630001,56.029999,56.259998,52.657993,24062500
9/15/2016,56.150002,57.349998,55.98,57.189999,53.52845,26847000
9/16/2016,57.630001,57.630001,56.75,57.25,53.584614,44607000
9/19/2016,57.27,57.75,56.849998,56.93,53.285103,20937100
9/20/2016,57.349998,57.349998,56.75,56.810001,53.172775,17384000
9/21/2016,57.509998,57.849998,57.080002,57.759998,54.061954,33707300
9/22/2016,57.919998,58,57.630001,57.82,54.118122,19822200
9/23/2016,57.869999,57.91,57.380001,57.43,53.753082,19955300
9/26/2016,57.080002,57.139999,56.830002,56.900002,53.25703,21688700
9/27/2016,56.93,58.060001,56.68,57.950001,54.239796,28065100
9/28/2016,57.880001,58.060001,57.669998,58.029999,54.314671,20536400
9/29/2016,57.810001,58.169998,57.209999,57.400002,53.725014,25463500
9/30/2016,57.57,57.77,57.34,57.599998,53.912209,29910800
10/3/2016,57.41,57.549999,57.060001,57.419998,53.743729,19189500
10/4/2016,57.27,57.599998,56.970001,57.240002,53.575253,20085900
10/5/2016,57.290001,57.959999,57.259998,57.639999,53.949642,16726400
10/6/2016,57.740002,57.860001,57.279999,57.740002,54.043243,16212600
10/7/2016,57.849998,57.98,57.419998,57.799999,54.099396,20089000
10/10/2016,57.91,58.389999,57.869999,58.040001,54.324036,18196500
10/11/2016,57.889999,58.02,56.889999,57.189999,53.52845,26497400
10/12/2016,57.110001,57.27,56.400002,57.110001,53.453575,22177500
10/13/2016,56.700001,57.299999,56.32,56.919998,53.275745,25313700
10/14/2016,57.119999,57.740002,57.119999,57.419998,53.743729,27402500
10/17/2016,57.360001,57.459999,56.869999,57.220001,53.556534,23830000
10/18/2016,57.529999,57.950001,57.41,57.66,53.968357,19149500
10/19/2016,57.470001,57.84,57.400002,57.529999,53.846684,22878400
10/20/2016,57.5,57.52,56.66,57.25,53.584614,49455600
10/21/2016,60.279999,60.450001,59.490002,59.66,55.840313,80032200
10/24/2016,59.939999,61,59.93,61,57.094524,54067000
10/25/2016,60.849998,61.369999,60.799999,60.990002,57.085159,35137200
10/26/2016,60.810001,61.200001,60.470001,60.630001,56.748203,29911600
10/27/2016,60.610001,60.830002,60.09,60.099998,56.25214,28479900
10/28/2016,60.009998,60.52,59.580002,59.869999,56.036865,33574700
10/31/2016,60.16,60.419998,59.919998,59.919998,56.083664,26434700
11/1/2016,59.970001,60.02,59.25,59.799999,55.971355,24533000
11/2/2016,59.82,59.93,59.299999,59.43,55.625038,22147000
11/3/2016,59.529999,59.639999,59.110001,59.209999,55.419125,21600400
11/4/2016,58.650002,59.279999,58.52,58.709999,54.951138,28697000
11/7/2016,59.779999,60.52,59.779999,60.419998,56.551655,31664800
11/8/2016,60.549999,60.779999,60.150002,60.470001,56.598454,22935400
11/9/2016,60,60.59,59.200001,60.169998,56.317657,49632500
11/10/2016,60.48,60.490002,57.630001,58.700001,54.941784,57822400
11/11/2016,58.23,59.119999,58.009998,59.02,55.241291,38767800
11/14/2016,59.02,59.080002,57.279999,58.119999,54.398907,41328400
11/15/2016,58.330002,59.490002,58.32,58.869999,55.473137,35904100
11/16/2016,58.939999,59.66,58.810001,59.650002,56.20813,27332500
11/17/2016,60.41,60.950001,59.970001,60.639999,57.140999,32132700
11/18/2016,60.779999,61.139999,60.299999,60.349998,56.867737,27686300
11/21/2016,60.5,60.970001,60.419998,60.860001,57.348305,19652600
11/22/2016,60.98,61.259998,60.810001,61.119999,57.593296,23206700
11/23/2016,61.009998,61.099998,60.25,60.400002,56.914852,21848900
11/25/2016,60.299999,60.529999,60.130001,60.529999,57.037346,8409600
11/28/2016,60.34,61.02,60.209999,60.610001,57.112728,20732600
11/29/2016,60.650002,61.41,60.52,61.09,57.565033,22366700
11/30/2016,60.860001,61.18,60.220001,60.259998,56.782925,34655400
12/1/2016,60.110001,60.150002,58.939999,59.200001,55.784084,34542100
12/2/2016,59.080002,59.470001,58.799999,59.25,55.831203,25515700
12/5/2016,59.700001,60.59,59.560001,60.220001,56.745239,23552700
12/6/2016,60.43,60.459999,59.799999,59.950001,56.490818,19907000
12/7/2016,60.009998,61.380001,59.799999,61.369999,57.828876,30809000
12/8/2016,61.299999,61.580002,60.84,61.009998,57.489643,21220800
12/9/2016,61.18,61.990002,61.130001,61.970001,58.394264,27349400
12/12/2016,61.82,62.299999,61.720001,62.169998,58.582718,20198100
12/13/2016,62.5,63.419998,62.240002,62.98,59.345978,35718900
12/14/2016,63,63.450001,62.529999,62.68,59.063286,30352700
12/15/2016,62.700001,63.150002,62.299999,62.580002,58.969059,27669900
12/16/2016,62.950001,62.950001,62.119999,62.299999,58.705212,42453100
12/19/2016,62.560001,63.77,62.419998,63.619999,59.949043,34338200
12/20/2016,63.689999,63.799999,63.029999,63.540001,59.873665,26028400
12/21/2016,63.43,63.700001,63.119999,63.540001,59.873665,17096300
12/22/2016,63.84,64.099998,63.41,63.549999,59.883099,22176600
12/23/2016,63.450001,63.540001,62.799999,63.240002,59.590977,12403800
12/27/2016,63.209999,64.07,63.209999,63.279999,59.628666,11763200
12/28/2016,63.400002,63.400002,62.830002,62.990002,59.355404,14653300
12/29/2016,62.860001,63.200001,62.73,62.900002,59.270599,10250600
12/30/2016,62.959999,62.990002,62.029999,62.139999,58.554443,25579900
1/3/2017,62.790001,62.84,62.130001,62.580002,58.969059,20694100
1/4/2017,62.48,62.75,62.119999,62.299999,58.705212,21340000
1/5/2017,62.189999,62.66,62.029999,62.299999,58.705212,24876000
1/6/2017,62.299999,63.150002,62.040001,62.84,59.214054,19922900
1/9/2017,62.759998,63.080002,62.540001,62.639999,59.025597,20382700
1/10/2017,62.73,63.07,62.279999,62.619999,59.006744,18593000
1/11/2017,62.610001,63.23,62.43,63.189999,59.543854,21517300
1/12/2017,63.060001,63.400002,61.950001,62.610001,58.997322,20968200
1/13/2017,62.619999,62.869999,62.349998,62.700001,59.082138,19422300
1/17/2017,62.68,62.700001,62.029999,62.529999,58.921944,20664000
1/18/2017,62.669998,62.700001,62.119999,62.5,58.893673,19670100
1/19/2017,62.240002,62.98,62.200001,62.299999,58.705212,18451700
1/20/2017,62.669998,62.82,62.369999,62.740002,59.11982,30213500
1/23/2017,62.700001,63.119999,62.57,62.959999,59.327137,23097600
1/24/2017,63.200001,63.740002,62.939999,63.52,59.854824,24672900
1/25/2017,63.950001,64.099998,63.450001,63.68,60.005581,23672700
1/26/2017,64.120003,64.540001,63.549999,64.269997,60.561543,43554600
1/27/2017,65.389999,65.910004,64.889999,65.779999,61.984413,44818000
1/30/2017,65.690002,65.790001,64.800003,65.129997,61.37191,31651400
1/31/2017,64.860001,65.150002,64.260002,64.650002,60.919617,25270500
2/1/2017,64.360001,64.620003,63.470001,63.580002,59.911358,39671500
2/2/2017,63.25,63.41,62.75,63.169998,59.525009,45827000
2/3/2017,63.5,63.700001,63.07,63.68,60.005581,30301800
2/6/2017,63.5,63.650002,63.139999,63.639999,59.967896,19796400
2/7/2017,63.740002,63.779999,63.23,63.43,59.770012,20277200
2/8/2017,63.57,63.810001,63.220001,63.34,59.685207,18096400
2/9/2017,63.52,64.440002,63.32,64.059998,60.363663,22644400
2/10/2017,64.25,64.300003,63.98,64,60.307125,18170700
2/13/2017,64.239998,64.860001,64.129997,64.720001,60.985577,22920100
2/14/2017,64.410004,64.720001,64.019997,64.57,61.213108,23108400
2/15/2017,64.5,64.57,64.160004,64.529999,61.175182,17005200
2/16/2017,64.739998,65.239998,64.440002,64.519997,61.165691,20546300
2/17/2017,64.470001,64.690002,64.300003,64.620003,61.260506,21248800
2/21/2017,64.610001,64.949997,64.449997,64.489998,61.137264,20655900
2/22/2017,64.330002,64.389999,64.050003,64.360001,61.014015,19292700
2/23/2017,64.419998,64.730003,64.190002,64.620003,61.260506,20273100
2/24/2017,64.529999,64.800003,64.139999,64.620003,61.260506,21796800
2/27/2017,64.540001,64.540001,64.050003,64.230003,60.890785,15871500
2/28/2017,64.080002,64.199997,63.759998,63.98,60.653774,23239800
3/1/2017,64.129997,64.989998,64.019997,64.940002,61.563877,26937500
3/2/2017,64.690002,64.75,63.880001,64.010002,60.68222,24539600
3/3/2017,63.990002,64.279999,63.619999,64.25,60.909737,18135900
3/6/2017,63.970001,64.559998,63.810001,64.269997,60.928696,18750300
3/7/2017,64.190002,64.779999,64.190002,64.400002,61.051949,18521000
3/8/2017,64.260002,65.080002,64.25,64.989998,61.611267,21510900
3/9/2017,65.190002,65.199997,64.480003,64.730003,61.364788,19846800
3/10/2017,65.110001,65.260002,64.75,64.93,61.554375,19538200
3/13/2017,65.010002,65.190002,64.57,64.709999,61.345821,20100000
3/14/2017,64.529999,64.550003,64.150002,64.410004,61.06142,14280200
3/15/2017,64.550003,64.919998,64.25,64.75,61.383747,24833800
3/16/2017,64.75,64.760002,64.300003,64.639999,61.279465,20674300
3/17/2017,64.910004,65.239998,64.68,64.870003,61.497505,49219700
3/20/2017,64.910004,65.18,64.720001,64.93,61.554375,14598100
3/21/2017,65.190002,65.5,64.129997,64.209999,60.871819,26640500
3/22/2017,64.120003,65.139999,64.120003,65.029999,61.649185,20680000
3/23/2017,64.940002,65.239998,64.769997,64.870003,61.497505,19269200
3/24/2017,65.360001,65.449997,64.760002,64.980003,61.601799,22617100
3/27/2017,64.629997,65.220001,64.349998,65.099998,61.715549,18614700
3/28/2017,64.959999,65.470001,64.650002,65.290001,61.895672,20080400
3/29/2017,65.120003,65.5,64.949997,65.470001,62.066311,13618400
3/30/2017,65.419998,65.980003,65.360001,65.709999,62.293839,15122800
3/31/2017,65.650002,66.190002,65.449997,65.860001,62.436039,21040300
4/3/2017,65.809998,65.940002,65.190002,65.550003,62.142159,20400900
4/4/2017,65.389999,65.809998,65.279999,65.730003,62.312801,12997400
4/5/2017,66.300003,66.349998,65.440002,65.559998,62.151638,21448600
4/6/2017,65.599998,66.059998,65.480003,65.730003,62.312801,18103500
4/7/2017,65.849998,65.959999,65.440002,65.68,62.265392,14108500
4/10/2017,65.610001,65.82,65.360001,65.529999,62.123177,17952700
4/11/2017,65.599998,65.610001,64.849998,65.480003,62.07579,18791500
4/12/2017,65.419998,65.510002,65.110001,65.230003,61.838787,17108500
4/13/2017,65.290001,65.860001,64.949997,64.949997,61.573345,17896500
4/17/2017,65.040001,65.489998,65.010002,65.480003,62.07579,16689300
4/18/2017,65.330002,65.709999,65.160004,65.389999,61.990479,15155600
4/19/2017,65.650002,65.75,64.889999,65.040001,61.658665,26992800
4/20/2017,65.459999,65.75,65.139999,65.5,62.094757,22299500
4/21/2017,65.669998,66.699997,65.449997,66.400002,62.947968,32522600
4/24/2017,67.480003,67.660004,67.099998,67.529999,64.019211,29770000
4/25/2017,67.900002,68.040001,67.599998,67.919998,64.388954,30242700
4/26/2017,68.080002,68.309998,67.620003,67.830002,64.303619,26190800
4/27/2017,68.150002,68.379997,67.580002,68.269997,64.720749,34971000
4/28/2017,68.910004,69.139999,67.690002,68.459999,64.900871,39548800
5/1/2017,68.68,69.550003,68.5,69.410004,65.801476,31954400
5/2/2017,69.709999,69.709999,69.129997,69.300003,65.697197,23906100
5/3/2017,69.379997,69.379997,68.709999,69.080002,65.48864,28928000
5/4/2017,69.029999,69.080002,68.639999,68.809998,65.232658,21749400
5/5/2017,68.900002,69.029999,68.489998,69,65.412796,19128800
5/8/2017,68.970001,69.050003,68.419998,68.940002,65.355904,18566100
5/9/2017,68.860001,69.279999,68.68,69.040001,65.450729,22858400
5/10/2017,68.989998,69.559998,68.919998,69.309998,65.706673,17977800
5/11/2017,68.360001,68.730003,68.120003,68.459999,64.900871,28789400
5/12/2017,68.610001,68.610001,68.040001,68.379997,64.825027,18714100
5/15/2017,68.139999,68.480003,67.57,68.43,64.872429,31530300
5/16/2017,68.230003,69.440002,68.160004,69.410004,66.17865,34956000
5/17/2017,68.889999,69.099998,67.43,67.480003,64.338501,30548800
5/18/2017,67.400002,68.129997,67.139999,67.709999,64.557785,25201300
5/19/2017,67.5,68.099998,67.43,67.690002,64.538727,26961100
5/22/2017,67.889999,68.5,67.5,68.449997,65.263344,16237600
5/23/2017,68.720001,68.75,68.379997,68.68,65.482628,15425800
5/24/2017,68.870003,68.879997,68.449997,68.769997,65.568451,14593900
5/25/2017,68.970001,69.879997,68.910004,69.620003,66.378876,21854100
5/26/2017,69.800003,70.220001,69.519997,69.959999,66.703026,19827900
5/30/2017,69.790001,70.410004,69.769997,70.410004,67.132111,17072800
5/31/2017,70.529999,70.739998,69.809998,69.839996,66.588623,30436400
6/1/2017,70.239998,70.610001,69.449997,70.099998,66.836517,21603600
6/2/2017,70.440002,71.860001,70.239998,71.760002,68.419235,34770300
6/5/2017,71.970001,72.889999,71.809998,72.279999,68.915039,33316800
6/6/2017,72.300003,72.620003,72.269997,72.519997,69.143867,31511100
6/7/2017,72.639999,72.769997,71.949997,72.389999,69.019913,22301800
6/8/2017,72.510002,72.519997,71.5,71.949997,68.600395,24588300
6/9/2017,72.040001,72.080002,68.589996,70.32,67.04628,49187400
6/12/2017,69.25,69.940002,68.129997,69.779999,66.53141,47761700
6/13/2017,70.019997,70.82,69.959999,70.650002,67.360916,25258600
6/14/2017,70.910004,71.099998,69.43,70.269997,66.998619,25510700
6/15/2017,69.269997,70.209999,68.800003,69.900002,66.645844,26068700
6/16/2017,69.730003,70.029999,69.220001,70,66.741196,48345100
6/19/2017,70.5,70.940002,70.349998,70.870003,67.570671,23798300
6/20/2017,70.82,70.870003,69.870003,69.910004,66.655373,21512200
6/21/2017,70.209999,70.620003,69.940002,70.269997,66.998619,19891100
6/22/2017,70.540001,70.589996,69.709999,70.260002,66.989067,22965700
6/23/2017,70.089996,71.25,69.919998,71.209999,67.894852,27617300
6/26/2017,71.400002,71.709999,70.440002,70.529999,67.246498,19607000
6/27/2017,70.110001,70.18,69.18,69.209999,65.987953,25215100
6/28/2017,69.209999,69.839996,68.790001,69.800003,66.550499,25806200
6/29/2017,69.379997,69.489998,68.089996,68.489998,65.301483,28918700
6/30/2017,68.779999,69.379997,68.739998,68.93,65.720985,24161100
7/3/2017,69.330002,69.599998,68.019997,68.169998,64.996376,16165500
7/5/2017,68.260002,69.440002,68.220001,69.080002,65.864006,21176300
7/6/2017,68.269997,68.779999,68.120003,68.57,65.377754,21117600
7/7/2017,68.699997,69.839996,68.699997,69.459999,66.226318,16878300
7/10/2017,69.459999,70.25,69.199997,69.980003,66.722115,15014500
7/11/2017,70,70.68,69.75,69.989998,66.731636,17460000
7/12/2017,70.690002,71.279999,70.550003,71.150002,67.837662,17750900
7/13/2017,71.5,72.040001,71.309998,71.769997,68.42878,20269800
7/14/2017,72.239998,73.269997,71.959999,72.779999,69.391769,25868100
7/17/2017,72.800003,73.449997,72.720001,73.349998,69.935226,21803900
7/18/2017,73.089996,73.389999,72.660004,73.300003,69.887543,26435300
7/19/2017,73.5,74.040001,73.449997,73.860001,70.421478,22416200
7/20/2017,74.18,74.300003,73.279999,74.220001,70.764717,42361000
7/21/2017,73.449997,74.290001,73.169998,73.790001,70.354736,46717100
7/24/2017,73.529999,73.75,73.129997,73.599998,70.173592,21394800
7/25/2017,73.800003,74.309998,73.5,74.190002,70.73613,22018700
7/26/2017,74.339996,74.379997,73.809998,74.050003,70.602623,16252200
7/27/2017,73.760002,74.419998,72.32,73.160004,69.754074,36844200
7/28/2017,72.669998,73.309998,72.540001,73.040001,69.639641,18306700
7/31/2017,73.300003,73.440002,72.410004,72.699997,69.315483,23600100
8/1/2017,73.099998,73.419998,72.489998,72.580002,69.20108,22132300
8/2/2017,72.550003,72.559998,71.440002,72.260002,68.895973,26499200
8/3/2017,72.190002,72.440002,71.849998,72.150002,68.791092,18214400
8/4/2017,72.400002,73.040001,72.239998,72.68,69.296425,22579000
8/7/2017,72.800003,72.900002,72.260002,72.400002,69.029457,18705700
8/8/2017,72.089996,73.129997,71.75,72.790001,69.401299,22044600
8/9/2017,72.25,72.510002,72.050003,72.470001,69.096191,22213400
8/10/2017,71.900002,72.190002,71.349998,71.410004,68.085533,24734500
8/11/2017,71.610001,72.699997,71.279999,72.5,69.124794,21443700
8/14/2017,73.059998,73.720001,72.949997,73.589996,70.164047,20096600
8/15/2017,73.589996,73.589996,73.040001,73.220001,70.183228,19181400
8/16/2017,73.339996,74.099998,73.169998,73.650002,70.59539,18150400
8/17/2017,73.580002,73.870003,72.400002,72.400002,69.397232,22977500
8/18/2017,72.269997,72.839996,71.93,72.489998,69.483498,18761500
8/21/2017,72.470001,72.480003,71.699997,72.150002,69.1576,17734800
8/22/2017,72.349998,73.239998,72.349998,73.160004,70.125717,14343700
8/23/2017,72.959999,73.150002,72.529999,72.720001,69.703972,13766500
8/24/2017,72.739998,72.860001,72.07,72.690002,69.675201,17098300
8/25/2017,72.860001,73.349998,72.480003,72.82,69.799805,12794300
8/28/2017,73.059998,73.089996,72.550003,72.830002,69.809395,14569700
8/29/2017,72.25,73.160004,72.050003,73.050003,70.020271,11478400
8/30/2017,73.010002,74.209999,72.830002,74.010002,70.940453,16897800
8/31/2017,74.029999,74.959999,73.800003,74.769997,71.668945,27652800
9/1/2017,74.709999,74.739998,73.639999,73.940002,70.87336,21736200
9/5/2017,73.339996,73.889999,72.980003,73.610001,70.557045,21556000
9/6/2017,73.739998,74.040001,73.349998,73.400002,70.355759,16535800
9/7/2017,73.68,74.599998,73.599998,74.339996,71.256767,17471200
9/8/2017,74.330002,74.440002,73.839996,73.980003,70.911705,14703800
9/11/2017,74.309998,74.940002,74.309998,74.760002,71.659348,17910400
9/12/2017,74.760002,75.239998,74.370003,74.68,71.582672,14394900
9/13/2017,74.93,75.230003,74.550003,75.209999,72.090691,13380800
9/14/2017,75,75.489998,74.519997,74.769997,71.668945,15733900
9/15/2017,74.830002,75.389999,74.07,75.309998,72.186531,38578400
9/18/2017,75.230003,75.970001,75.040001,75.160004,72.042763,23307000
9/19/2017,75.209999,75.709999,75.010002,75.440002,72.311157,16093300
9/20/2017,75.349998,75.550003,74.309998,74.940002,71.831886,21587900
9/21/2017,75.110001,75.239998,74.110001,74.209999,71.132149,19186100
9/22/2017,73.989998,74.510002,73.849998,74.410004,71.32386,14111400
9/25/2017,74.089996,74.25,72.919998,73.260002,70.221558,24149200
9/26/2017,73.669998,73.809998,72.989998,73.260002,70.221558,18019600
9/27/2017,73.550003,74.169998,73.169998,73.849998,70.787094,19565100
9/28/2017,73.540001,73.970001,73.309998,73.870003,70.806267,10883800
9/29/2017,73.940002,74.540001,73.879997,74.489998,71.400551,17079100
10/2/2017,74.709999,75.010002,74.300003,74.610001,71.515564,15304800
10/3/2017,74.669998,74.879997,74.190002,74.260002,71.180092,12190400
10/4/2017,74.089996,74.720001,73.709999,74.690002,71.592255,13317700
10/5/2017,75.220001,76.120003,74.959999,75.970001,72.81916,21195300
10/6/2017,75.669998,76.029999,75.540001,76,72.847931,13959800
10/9/2017,75.970001,76.550003,75.860001,76.290001,73.1259,11386500
10/10/2017,76.330002,76.629997,76.139999,76.290001,73.1259,13944500
10/11/2017,76.360001,76.459999,75.949997,76.419998,73.250496,15388900
10/12/2017,76.489998,77.290001,76.370003,77.120003,73.921455,16876500
10/13/2017,77.589996,77.870003,77.290001,77.489998,74.276123,15335700
10/16/2017,77.419998,77.809998,77.349998,77.650002,74.429482,12380100
10/17/2017,77.470001,77.620003,77.25,77.589996,74.371971,16824000
10/18/2017,77.669998,77.849998,77.370003,77.610001,74.391144,13300700
10/19/2017,77.57,77.93,77.349998,77.910004,74.678711,15092800
10/20/2017,78.32,78.970001,78.220001,78.809998,75.541382,22866400
10/23/2017,78.989998,79.339996,78.760002,78.830002,75.560555,20627200
10/24/2017,78.900002,79.199997,78.459999,78.860001,75.589302,17517200
10/25/2017,78.580002,79.099998,78.010002,78.629997,75.368851,20410800
10/26/2017,79.199997,79.419998,78.75,78.760002,75.493439,32120700
10/27/2017,84.370003,86.199997,83.610001,83.809998,80.334,71066700
10/30/2017,83.699997,84.330002,83.110001,83.889999,80.410683,31756700
10/31/2017,84.360001,84.360001,83.110001,83.18,79.730133,27086600
11/1/2017,83.68,83.760002,82.879997,83.18,79.730133,22307400
11/2/2017,83.349998,84.459999,83.120003,84.050003,80.564056,23992900
11/3/2017,84.080002,84.540001,83.400002,84.139999,80.650314,17633500
11/6/2017,84.199997,84.699997,84.080002,84.470001,80.966644,19860900
11/7/2017,84.769997,84.900002,83.93,84.269997,80.774918,17939700
11/8/2017,84.139999,84.610001,83.830002,84.559998,81.052895,18034200
11/9/2017,84.110001,84.269997,82.900002,84.089996,80.602379,21178400
11/10/2017,83.790001,84.099998,83.230003,83.870003,80.391525,19397800
11/13/2017,83.660004,83.940002,83.459999,83.93,80.449028,14196900
11/14/2017,83.5,84.099998,82.980003,84.050003,80.564056,18801300
11/15/2017,83.470001,83.690002,82.690002,82.980003,79.937889,19383100
11/16/2017,83.099998,83.419998,82.940002,83.199997,80.149803,20962800
11/17/2017,83.120003,83.120003,82.239998,82.400002,79.37915,22079000
11/20/2017,82.400002,82.589996,82.25,82.529999,79.504372,16315000
11/21/2017,82.739998,83.839996,82.739998,83.720001,80.650749,21237500
11/22/2017,83.830002,83.900002,83.040001,83.110001,80.063126,20553100
11/24/2017,83.010002,83.43,82.779999,83.260002,80.207611,7425600
11/27/2017,83.309998,83.980003,83.300003,83.870003,80.795258,18265200
11/28/2017,84.07,85.059998,84.019997,84.879997,81.768227,21926000
11/29/2017,84.709999,84.919998,83.18,83.339996,80.284676,27381100
11/30/2017,83.510002,84.519997,83.339996,84.169998,81.084251,33054600
12/1/2017,83.599998,84.809998,83.220001,84.260002,81.170952,29532100
12/4/2017,84.419998,84.43,80.699997,81.080002,78.107552,39094900
12/5/2017,81.339996,82.68,80.980003,81.589996,78.598831,26152300
12/6/2017,81.550003,83.139999,81.43,82.779999,79.745209,26162100
12/7/2017,82.540001,82.800003,82,82.489998,79.465836,23184500
12/8/2017,83.629997,84.580002,83.330002,84.160004,81.074623,24489100
12/11/2017,84.290001,85.370003,84.120003,85.230003,82.105392,22857900
12/12/2017,85.309998,86.050003,85.080002,85.580002,82.442558,23924100
12/13/2017,85.739998,86,85.169998,85.349998,82.220993,22062700
12/14/2017,85.43,85.870003,84.529999,84.690002,81.585182,19306000
12/15/2017,85.260002,87.089996,84.879997,86.849998,83.666,53936700
12/18/2017,87.120003,87.5,86.230003,86.379997,83.213234,22283800
12/19/2017,86.349998,86.349998,85.269997,85.830002,82.683403,23524800
12/20/2017,86.199997,86.300003,84.709999,85.519997,82.384773,23674900
12/21/2017,86.050003,86.099998,85.400002,85.5,82.365501,17990700
12/22/2017,85.400002,85.629997,84.919998,85.510002,82.375114,14145800
12/26/2017,85.309998,85.529999,85.029999,85.400002,82.269165,9891200
12/27/2017,85.650002,85.980003,85.220001,85.709999,82.567787,14678000
12/28/2017,85.900002,85.93,85.550003,85.720001,82.577423,10594300
12/29/2017,85.629997,86.050003,85.5,85.540001,82.404037,18717400
1/2/2018,86.129997,86.309998,85.5,85.949997,82.798996,22483800
1/3/2018,86.059998,86.510002,85.970001,86.349998,83.184326,26061400
1/4/2018,86.589996,87.660004,86.57,87.110001,83.916473,21912000
1/5/2018,87.660004,88.410004,87.43,88.190002,84.956886,23407100
1/8/2018,88.199997,88.580002,87.599998,88.279999,85.043571,22113000
1/9/2018,88.650002,88.730003,87.860001,88.220001,84.985786,19484300
1/10/2018,87.860001,88.190002,87.410004,87.82,84.600449,18652200
1/11/2018,88.129997,88.129997,87.239998,88.080002,84.850906,17808900
1/12/2018,88.669998,89.779999,88.449997,89.599998,86.315178,24271500
1/16/2018,90.099998,90.790001,88.010002,88.349998,85.111008,36599700
1/17/2018,89.080002,90.279999,88.75,90.139999,86.835373,25621200
1/18/2018,89.800003,90.669998,89.660004,90.099998,86.79686,24159700
1/19/2018,90.139999,90.610001,89.660004,90,86.700523,36875000
1/22/2018,90,91.620003,89.739998,91.610001,88.251488,23601600
1/23/2018,91.900002,92.300003,91.540001,91.900002,88.530876,23412800
1/24/2018,92.550003,93.43,91.580002,91.82,88.453789,33277500
1/25/2018,92.470001,93.239998,91.93,92.330002,88.945114,26383200
1/26/2018,93.120003,94.059998,92.580002,94.059998,90.611679,29172200
1/29/2018,95.139999,95.449997,93.720001,93.919998,90.476807,31569900
1/30/2018,93.300003,93.660004,92.099998,92.739998,89.340065,38635100
1/31/2018,93.75,95.400002,93.510002,95.010002,91.526848,48756300
2/1/2018,94.790001,96.07,93.580002,94.260002,90.804352,47227900
2/2/2018,93.639999,93.970001,91.5,91.779999,88.41526,47867800
2/5/2018,90.559998,93.239998,88,88,84.773842,51031500
2/6/2018,86.889999,91.480003,85.25,91.330002,87.98175,67998600
2/7/2018,90.489998,91.769997,89.199997,89.610001,86.324814,41107600
2/8/2018,89.709999,89.879997,84.760002,85.010002,81.893471,55628700
2/9/2018,86.300003,88.93,83.830002,88.18,84.947235,63499100
2/12/2018,88.739998,89.779999,87.93,89.129997,85.862396,35720300
2/13/2018,88.93,90,87.800003,89.830002,86.536758,26407700
2/14/2018,88.510002,90.989998,88.410004,90.809998,87.891769,34960900
2/15/2018,91.209999,92.720001,90.620003,92.660004,89.682312,27823900
2/16/2018,92.449997,93.5,91.800003,92,89.043526,30596900
2/20/2018,91.480003,93.059998,91.010002,92.720001,89.740387,30911700
2/21/2018,92.980003,93.360001,91.489998,91.489998,88.549896,26922500
2/22/2018,92.050003,92.730003,91.360001,91.730003,88.782204,24392800
2/23/2018,93.599998,94.07,92.360001,94.059998,91.037323,26329200
2/26/2018,94.400002,95.449997,94.25,95.419998,92.353607,30199800
2/27/2018,95.739998,95.839996,94.199997,94.199997,91.172836,25869100
2/28/2018,94.839996,95.709999,93.629997,93.769997,90.756645,31167300
3/1/2018,93.989998,94.57,91.839996,92.849998,89.866211,37135600
3/2/2018,91.580002,93.150002,90.860001,93.050003,90.059784,32830400
3/5/2018,92.339996,94.269997,92.260002,93.639999,90.630821,23901600
3/6/2018,94.339996,94.489998,92.940002,93.32,90.321098,22175800
3/7/2018,93.160004,93.940002,92.43,93.860001,90.843742,26716100
3/8/2018,94.269997,95.099998,93.769997,94.43,91.395432,25887800
3/9/2018,95.290001,96.540001,95,96.540001,93.43763,36937300
3/12/2018,96.5,97.209999,96.040001,96.769997,93.660225,26073700
3/13/2018,97,97.239998,93.970001,94.410004,91.376083,35387800
3/14/2018,95.120003,95.410004,93.5,93.849998,90.834068,32132000
3/15/2018,93.529999,94.580002,92.830002,94.18,91.153465,27611000
3/16/2018,94.68,95.379997,93.919998,94.599998,91.559967,49081300
3/19/2018,93.739998,93.900002,92.110001,92.889999,89.904915,33344100
3/20/2018,93.050003,93.769997,93,93.129997,90.137199,23075200
3/21/2018,92.93,94.050003,92.209999,92.480003,89.508095,24457100
3/22/2018,91.269997,91.75,89.660004,89.790001,86.904541,38604700
3/23/2018,89.5,90.459999,87.080002,87.18,84.378426,44068900
3/26/2018,90.610001,94,90.400002,93.779999,90.766327,56396800
3/27/2018,94.940002,95.139999,88.510002,89.470001,86.594826,56569000
3/28/2018,89.82,91.230003,88.870003,89.389999,86.51738,52501100
3/29/2018,90.18,92.290001,88.400002,91.269997,88.336983,45867500
4/2/2018,90.470001,90.879997,87.510002,88.519997,85.675354,48515400
4/3/2018,89.580002,90.050003,87.889999,89.709999,86.827103,37213800
4/4/2018,87.849998,92.760002,87.730003,92.330002,89.362923,35560000
4/5/2018,92.440002,93.07,91.400002,92.379997,89.411301,29771900
4/6/2018,91.489998,92.459999,89.480003,90.230003,87.330399,38026000
4/9/2018,91.040001,93.169998,90.620003,90.769997,87.853035,31533900
4/10/2018,92.389999,93.279999,91.639999,92.879997,89.895241,26812000
4/11/2018,92.010002,93.290001,91.480003,91.860001,88.90802,24872100
4/12/2018,92.43,94.160004,92.43,93.580002,90.572739,26758900
4/13/2018,94.050003,94.18,92.440002,93.080002,90.088814,23346100
4/16/2018,94.07,94.660004,93.419998,94.169998,91.143784,20288100
4/17/2018,95,96.540001,94.879997,96.07,92.982719,26771000
4/18/2018,96.220001,96.720001,95.519997,96.440002,93.340836,21043300
4/19/2018,96.440002,97.07,95.339996,96.110001,93.021439,23552500
4/20/2018,95.910004,96.110001,94.050003,95,91.947105,31154400
4/23/2018,95.739998,96.290001,94.629997,95.349998,92.285858,22331800
4/24/2018,96.239998,96.470001,92.410004,93.120003,90.127525,34524800
4/25/2018,93.300003,93.300003,90.279999,92.309998,89.343552,33729300
4/26/2018,93.550003,95.150002,93.099998,94.260002,91.230896,42529000
4/27/2018,97.599998,97.900002,93.910004,95.82,92.740761,48272800
4/30/2018,96.330002,96.400002,93.150002,93.519997,90.514664,41523600
5/1/2018,93.209999,95.290001,92.790001,95,91.947105,31408900
5/2/2018,94.989998,95.169998,93.190002,93.510002,90.505005,27471000
5/3/2018,92.959999,94.93,92.449997,94.07,91.046997,31142500
5/4/2018,93.32,95.370003,92.919998,95.160004,92.101967,22531300
5/7/2018,95.169998,96.709999,95.099998,96.220001,93.127899,24242000
5/8/2018,95.849998,96.160004,95.059998,95.809998,92.731087,23484600
5/9/2018,96.010002,96.970001,95.050003,96.940002,93.82476,27327400
5/10/2018,97.459999,97.949997,97.050003,97.910004,94.763596,22388100
5/11/2018,97.800003,97.870003,97.040001,97.699997,94.560333,16778300
5/14/2018,97.919998,98.690002,97.309998,98.029999,94.879738,19454100
5/15/2018,97.239998,97.849998,96.339996,97.32,94.192566,24594000
5/16/2018,97.360001,97.400002,96.620003,97.150002,94.43557,17384700
5/17/2018,96.760002,97.540001,95.830002,96.18,93.492676,17246700
5/18/2018,96.010002,96.93,96.010002,96.360001,93.667641,17865800
5/21/2018,97,98.010002,96.800003,97.599998,94.873009,19422500
5/22/2018,97.68,98.169998,97.199997,97.5,94.775795,15441200
5/23/2018,96.709999,98.730003,96.32,98.660004,95.903381,21251200
5/24/2018,98.730003,98.940002,96.809998,98.309998,95.563164,26649300
5/25/2018,98.300003,98.980003,97.860001,98.360001,95.611763,18363900
5/29/2018,97.839996,98.879997,97.230003,98.010002,95.271538,28671000
5/30/2018,98.309998,99.25,97.910004,98.949997,96.185272,22158500
5/31/2018,99.290001,99.989998,98.610001,98.839996,96.078354,34140900
6/1/2018,99.279999,100.860001,99.169998,100.790001,97.973869,28655600
6/4/2018,101.260002,101.860001,100.849998,101.669998,98.829285,27281600
6/5/2018,102,102.330002,101.529999,102.190002,99.334755,23514400
6/6/2018,102.480003,102.599998,101.900002,102.489998,99.626366,21122900
6/7/2018,102.650002,102.690002,100.379997,100.879997,98.061363,28232200
6/8/2018,101.089996,101.949997,100.540001,101.629997,98.790398,22165100
6/11/2018,101.010002,101.589996,100.669998,101.050003,98.226601,23490900
6/12/2018,101.099998,101.449997,100.75,101.309998,98.479347,18325200
6/13/2018,101.720001,102.010002,100.559998,100.849998,98.032196,29492900
6/14/2018,101.650002,102.029999,101,101.419998,98.586266,25691800
6/15/2018,101.510002,101.529999,100.07,100.129997,97.332306,65738600
6/18/2018,100.010002,101.110001,99.419998,100.860001,98.041916,23586000
6/19/2018,99.650002,101,99.5,100.860001,98.041916,28653100
6/20/2018,101.370003,102.519997,101.120003,101.870003,99.023697,26180800
6/21/2018,102.080002,102.459999,100.879997,101.139999,98.314095,23198200
6/22/2018,100.410004,100.769997,99.629997,100.410004,97.604492,38923100
6/25/2018,100,100.110001,97.300003,98.389999,95.640938,35433300
6/26/2018,98.82,100.080002,98.75,99.080002,96.311661,26897200
6/27/2018,99.580002,100.019997,97.400002,97.540001,94.814682,31298400
6/28/2018,97.379997,99.110001,97.260002,98.629997,95.874222,26650700
6/29/2018,98.93,99.910004,98.330002,98.610001,95.854782,28053200
7/2/2018,98.099998,100.059998,98,100.010002,97.215668,19564500
7/3/2018,100.480003,100.629997,98.940002,99.050003,96.282494,14670300
7/5/2018,99.5,99.919998,99.029999,99.760002,96.972656,18977400
7/6/2018,99.889999,101.43,99.669998,101.160004,98.333542,19234600
7/9/2018,101.650002,102.25,101.25,101.849998,99.00425,18212000
7/10/2018,102,102.510002,101.860001,102.120003,99.266701,19293100
7/11/2018,101.150002,102.339996,101.099998,101.980003,99.130623,19644600
7/12/2018,102.769997,104.410004,102.730003,104.190002,101.278885,24335900
7/13/2018,104.370003,105.599998,104.089996,105.43,102.48423,24635200
7/16/2018,105.400002,105.82,104.519997,104.910004,101.978752,21786900
7/17/2018,104.610001,106.5,104.32,105.949997,102.9897,25901700
7/18/2018,105.940002,106.050003,104.720001,105.120003,102.182884,29493900
7/19/2018,104.93,105.309998,103.889999,104.400002,101.483009,40171600
7/20/2018,108.080002,108.199997,106.080002,106.269997,103.300751,56004000
7/23/2018,106.300003,108.139999,106.129997,107.970001,104.95327,29707000
7/24/2018,108.57,108.82,107.260002,107.660004,104.651917,26316600
7/25/2018,107.959999,111.150002,107.599998,110.830002,107.733345,30702100
7/26/2018,110.739998,111,109.5,109.620003,106.557159,31372100
7/27/2018,110.18,110.18,106.139999,107.68,104.671364,37005300
7/30/2018,107.190002,107.529999,104.760002,105.370003,102.425903,34668300
7/31/2018,106.489998,106.720001,105.379997,106.080002,103.116066,27655200
8/1/2018,106.029999,106.449997,105.419998,106.279999,103.310478,23628700
8/2/2018,105.400002,108.089996,104.839996,107.57,104.56443,26104300
8/3/2018,107.800003,108.050003,106.82,108.040001,105.021309,18659600
8/6/2018,108.120003,108.419998,107.559998,108.129997,105.108788,20265900
8/7/2018,108.559998,109.099998,108.169998,108.879997,105.83783,16080200
8/8/2018,109.330002,109.75,108.760002,109.489998,106.430786,15487500
8/9/2018,109.709999,110.160004,109.599998,109.669998,106.605751,13677200
8/10/2018,109.419998,109.690002,108.379997,109,105.954483,18183700
8/13/2018,109.239998,109.580002,108.099998,108.209999,105.186554,18472500
8/14/2018,108.559998,109.75,108.040001,109.559998,106.498833,16788300
8/15/2018,108.489998,108.989998,106.82,107.660004,105.054649,29982800
8/16/2018,108.300003,108.860001,107.300003,107.639999,105.035133,21384300
8/17/2018,107.360001,107.900002,106.690002,107.580002,104.976585,18061500
8/20/2018,107.510002,107.900002,106.480003,106.870003,104.283783,17914200
8/21/2018,106.919998,107.349998,105.849998,105.980003,103.415314,22881900
8/22/2018,105.849998,107.339996,105.779999,107.059998,104.46917,18000600
8/23/2018,107.150002,108.18,106.870003,107.559998,104.957062,18167700
8/24/2018,107.669998,108.559998,107.559998,108.400002,105.776741,17234000
8/27/2018,109.269997,109.639999,108.510002,109.599998,106.947693,19662300
8/28/2018,109.940002,110.5,109.790001,110.260002,107.591743,19151500
8/29/2018,110.449997,112.029999,110.269997,112.019997,109.309135,20818000
8/30/2018,111.669998,112.610001,111.440002,111.949997,109.240837,22798700
8/31/2018,111.690002,112.779999,111.519997,112.330002,109.611641,23222700
9/4/2018,110.849998,111.959999,110.220001,111.709999,109.006638,22634600
9/5/2018,111.010002,111.419998,108.099998,108.489998,105.864563,32872400
9/6/2018,108.25,108.989998,107.510002,108.739998,106.108505,23477600
9/7/2018,108.230003,108.720001,107.230003,108.209999,105.591339,22498600
9/10/2018,108.839996,109.639999,108.360001,109.379997,106.733025,20727900
9/11/2018,108.900002,111.589996,108.889999,111.239998,108.548004,24301800
9/12/2018,111.43,111.849998,110.510002,111.709999,109.006638,18891100
9/13/2018,112.120003,113.730003,112.120003,112.910004,110.177597,26055600
9/14/2018,113.360001,113.730003,112.440002,113.370003,110.626465,19122300
9/17/2018,113.690002,113.699997,111.860001,112.139999,109.426239,20736500
9/18/2018,112.190002,113.699997,111.720001,113.209999,110.470337,22170900
9/19/2018,113.050003,113.32,111.040001,111.699997,108.996872,21728400
9/20/2018,112.279999,113.800003,111.93,113.57,110.821632,23714500
9/21/2018,114,115.290001,113.510002,114.260002,111.494949,71229700
9/24/2018,113.029999,114.900002,112.220001,114.669998,111.895004,27334500
9/25/2018,114.800003,115.099998,113.75,114.449997,111.680321,22668000
9/26/2018,114.470001,115.059998,113.739998,113.980003,111.221718,19352000
9/27/2018,114.779999,114.910004,114.199997,114.410004,111.641304,19091300
9/28/2018,114.190002,114.57,113.68,114.370003,111.602264,21647800
10/1/2018,114.75,115.68,114.730003,115.610001,112.812271,18883100
10/2/2018,115.300003,115.839996,114.440002,115.150002,112.363396,20787200
10/3/2018,115.419998,116.18,114.93,115.169998,112.382904,16648000
10/4/2018,114.610001,114.760002,111.629997,112.790001,110.060501,34821700
10/5/2018,112.629997,113.169998,110.639999,112.129997,109.416473,29068900
10/8/2018,111.660004,112.029999,109.339996,110.849998,108.16745,29640600
10/9/2018,111.139999,113.080002,110.800003,112.260002,109.543335,26198600
10/10/2018,111.239998,111.5,105.790001,106.160004,103.590958,61376300
10/11/2018,105.349998,108.93,104.199997,105.910004,103.347,63904300
10/12/2018,109.010002,111.239998,107.120003,109.57,106.918419,47742100
10/15/2018,108.910004,109.480003,106.949997,107.599998,104.996094,32068100
10/16/2018,109.540001,111.410004,108.949997,111,108.31382,31610200
10/17/2018,111.68,111.809998,109.550003,110.709999,108.030838,26548200
10/18/2018,110.099998,110.529999,107.830002,108.5,105.874321,32506200
10/19/2018,108.93,110.860001,108.209999,108.660004,106.030457,32785500
10/22/2018,109.32,110.540001,108.239998,109.629997,106.976967,26545600
10/23/2018,107.769997,108.970001,105.110001,108.099998,105.483994,43770400
10/24/2018,108.410004,108.489998,101.589996,102.32,99.84388,63897800
10/25/2018,106.550003,109.269997,106.150002,108.300003,105.679176,61646800
10/26/2018,105.690002,108.75,104.760002,106.959999,104.371597,55523100
10/29/2018,108.110001,108.699997,101.629997,103.849998,101.336845,55162000
10/30/2018,103.660004,104.379997,100.110001,103.730003,101.219749,65350900
10/31/2018,105.440002,108.139999,105.389999,106.809998,104.225212,51062400
11/1/2018,107.050003,107.32,105.529999,105.919998,103.356743,33384200
11/2/2018,106.480003,107.32,104.980003,106.160004,103.590958,37680200
11/5/2018,106.370003,107.739998,105.900002,107.510002,104.908287,27922100
11/6/2018,107.379997,108.839996,106.279999,107.720001,105.113197,24340200
11/7/2018,109.440002,112.239998,109.400002,111.959999,109.250587,37901700
11/8/2018,111.800003,112.209999,110.910004,111.75,109.04567,25644100
11/9/2018,110.849998,111.449997,108.760002,109.57,106.918419,32039200
11/12/2018,109.419998,109.959999,106.099998,106.870003,104.283783,33621800
11/13/2018,107.550003,108.739998,106.639999,106.940002,104.352066,35374600
11/14/2018,108.099998,108.260002,104.470001,104.970001,102.872246,39495100
11/15/2018,104.989998,107.800003,103.910004,107.279999,105.136086,38505200
11/16/2018,107.080002,108.879997,106.800003,108.290001,106.125908,33502100
11/19/2018,108.269997,108.559998,103.550003,104.620003,102.529251,44773900
11/20/2018,101.800003,102.970001,99.349998,101.709999,99.677406,64052500
11/21/2018,103.599998,104.43,102.239998,103.110001,101.049423,28130600
11/23/2018,102.169998,103.809998,102,103.07,101.010223,13823100
11/26/2018,104.790001,106.629997,104.580002,106.470001,104.342278,32336200
11/27/2018,106.269997,107.330002,105.360001,107.139999,104.998894,29124500
11/28/2018,107.889999,111.330002,107.860001,111.120003,108.899353,46788500
11/29/2018,110.330002,111.120003,109.029999,110.190002,107.987938,28123200
11/30/2018,110.699997,110.970001,109.360001,110.889999,108.67395,33665600
12/3/2018,113,113.419998,110.730003,112.089996,109.84996,34732800
12/4/2018,111.940002,112.639999,108.209999,108.519997,106.351295,45197000
12/6/2018,105.82,109.239998,105,109.190002,107.007927,49107400
12/7/2018,108.379997,109.449997,104.300003,104.82,102.72525,45044900
12/10/2018,104.800003,107.980003,103.889999,107.589996,105.43988,40801500
12/11/2018,109.800003,110.949997,107.440002,108.589996,106.419899,42381900
12/12/2018,110.889999,111.269997,109.040001,109.080002,106.900116,36183000
12/13/2018,109.580002,110.870003,108.629997,109.449997,107.262711,31333400
12/14/2018,108.25,109.260002,105.5,106.029999,103.911064,47043100
12/17/2018,105.410004,105.800003,101.709999,102.889999,100.833817,56957300
12/18/2018,103.75,104.510002,102.519997,103.970001,101.892235,49319200
12/19/2018,103.650002,106.879997,101.349998,103.690002,101.617836,68198200
12/20/2018,103.050003,104.309998,98.779999,101.510002,99.4814,70334200
12/21/2018,101.629997,103,97.459999,98.230003,96.266937,111242100
12/24/2018,97.68,97.970001,93.980003,94.129997,92.248878,43935200
12/26/2018,95.139999,100.690002,93.959999,100.559998,98.550377,51634800
12/27/2018,99.300003,101.190002,96.400002,101.18,99.158005,49498500
12/28/2018,102.089996,102.410004,99.519997,100.389999,98.383781,38196300
