Date,Open,High,Low,Close,Adj Close,Volume,Ticker,Intraday Range,IntChange,IntPctChange,200SMA,SPY_PctDiff
10/17/2016,57.360001000000004,57.459998999999996,56.869999,57.220001,53.556534,23830000,MSFT,0.09999799999999226,-0.18719500000000266,-0.34831040473578545,49.94573160499999,-0.0010705558482371202
10/18/2016,57.529999,57.950001,57.41,57.66,53.968357,19149500,MSFT,0.42000200000000376,0.4118229999999983,0.7689500593895726,49.96427909999999,0.1427097236355479
10/19/2016,57.470001,57.84,57.400002,57.529999,53.846683999999996,22878400,MSFT,0.36999899999999997,-0.12167300000000125,-0.22545248134939744,49.98107177999999,-0.49217755629826776
10/20/2016,57.5,57.52,56.66,57.25,53.584614,49455600,MSFT,0.020000000000003126,-0.26206999999999425,-0.486696636695394,50.00113979499999,-0.30001064369016284
10/21/2016,60.279999,60.450001,59.490002000000004,59.66,55.840313,80032200,MSFT,0.17000200000000376,2.255699,4.209602032404303,50.04110734999999,4.162841239094206
10/24/2016,59.939999,61.0,59.93,61.0,57.094524,54067000,MSFT,1.0600009999999997,1.254210999999998,2.246067281177311,50.08661222499999,1.820805209615628
10/25/2016,60.849998,61.369999,60.799999,60.990002000000004,57.085159,35137200,MSFT,0.5200010000000006,-0.00936500000000251,-0.01640262383132418,50.132207869999995,0.3186384710280543
10/26/2016,60.810001,61.200001,60.470001,60.630001,56.748203000000004,29911600,MSFT,0.39000000000000057,-0.3369559999999936,-0.5902690049439885,50.173917594999985,-0.38949297700515695
10/27/2016,60.610001000000004,60.830002,60.09,60.099998,56.252140000000004,28479900,MSFT,0.22000099999999634,-0.4960629999999995,-0.8741475038425484,50.21837466999998,-0.607482918932345
10/28/2016,60.009997999999996,60.52,59.580002,59.869999,56.036865,33574700,MSFT,0.5100020000000072,-0.21527500000000543,-0.3826965516334213,50.255014434999985,-0.08713056444419331
10/31/2016,60.16,60.419998,59.919998,59.919998,56.083664,26434700,MSFT,0.25999800000000306,0.046799000000000035,0.08351466485501113,50.301609759999984,0.07880124328025762
11/1/2016,59.970001,60.02,59.25,59.799999,55.971355,24533000,MSFT,0.04999899999999968,-0.11230899999999622,-0.20025260831745273,50.349615434999976,0.5242836452834632
11/2/2016,59.82,59.93,59.299999,59.43,55.625038,22147000,MSFT,0.10999999999999943,-0.3463169999999991,-0.6187397106966586,50.394834834999976,-0.016879458466967368
11/3/2016,59.529999,59.639998999999996,59.110001000000004,59.209998999999996,55.419125,21600400,MSFT,0.10999999999999943,-0.20591300000000246,-0.3701804212700055,50.44044623999997,0.08754390368442833
11/4/2016,58.650002,59.279999,58.52,58.709998999999996,54.951138,28697000,MSFT,0.6299969999999959,-0.4679870000000008,-0.84445035896904,50.47541764999997,-0.7343124294830305
11/7/2016,59.779999,60.52,59.779999,60.419998,56.551655000000004,31664800,MSFT,0.7400010000000066,1.6005170000000035,2.9126184793479615,50.520684489999965,0.7069432845539625
11/8/2016,60.549999,60.779999,60.150002,60.470001,56.598454000000004,22935400,MSFT,0.22999999999999687,0.046799000000000035,0.08275443044063469,50.56444274999997,-0.36763971373858784
11/9/2016,60.0,60.59,59.200001,60.169998,56.317657,49632500,MSFT,0.5900000000000034,-0.28079700000000685,-0.4961213251513996,50.61115338999997,-1.556341672620798
11/10/2016,60.48,60.490002000000004,57.630001,58.700001,54.941784,57822400,MSFT,0.010002000000007172,-1.3758729999999986,-2.4430579560509758,50.64713275499997,-2.6926029535877305
11/11/2016,58.23,59.119999,58.009997999999996,59.02,55.241291000000004,38767800,MSFT,0.8899990000000031,0.2995070000000055,0.545135192552193,50.670715039999976,0.7756240333734565
11/14/2016,59.02,59.080002,57.279999,58.119999,54.398906999999994,41328400,MSFT,0.060001999999997224,-0.8423840000000098,-1.5249172942030098,50.69182799999998,-1.6034624247250884
11/15/2016,58.330002,59.490002000000004,58.32,58.869999,55.473137,35904100,MSFT,1.1600000000000037,1.0742300000000071,1.9747271760441887,50.72615352499998,1.1944503575189058
11/16/2016,58.939999,59.66,58.810001,59.650002,56.208130000000004,27332500,MSFT,0.7200009999999963,0.7349930000000029,1.3249530128429665,50.76800603999998,1.512777041453972
11/17/2016,60.41,60.950001,59.970001,60.639998999999996,57.140999,32132700,MSFT,0.5400010000000037,0.9328689999999966,1.6596691617386972,50.81525653999998,1.1456009427797786
11/18/2016,60.779999,61.139998999999996,60.299999,60.349998,56.867737,27686300,MSFT,0.35999999999999943,-0.27326200000000256,-0.4782240506505664,50.86957836499999,-0.25446603274948965
11/21/2016,60.5,60.970001,60.419998,60.860001000000004,57.348305,19652600,MSFT,0.47000100000000344,0.4805680000000052,0.8450626407025874,50.929742359999985,0.08992247790020613
11/22/2016,60.98,61.259997999999996,60.810001,61.119999,57.593295999999995,23206700,MSFT,0.2799979999999991,0.24499099999999174,0.4271983278320013,50.99172741499998,0.23186921355704548
11/23/2016,61.009997999999996,61.099998,60.25,60.400002,56.914852,21848900,MSFT,0.09000000000000341,-0.6784439999999918,-1.1779912717618912,51.048348374999975,-1.2323926322163614
11/25/2016,60.299999,60.529999,60.130001,60.529999,57.037346,8409600,MSFT,0.22999999999999687,0.1224939999999961,0.21522326017819893,51.10567354999998,-0.15632080509933033
11/28/2016,60.34,61.02,60.209998999999996,60.610001000000004,57.112728000000004,20732600,MSFT,0.6799999999999997,0.07538200000000472,0.13216253084427088,51.159661184999976,0.601657080196738
11/29/2016,60.650002,61.41,60.52,61.09,57.56503299999999,22366700,MSFT,0.759997999999996,0.4523049999999884,0.791951314249939,51.211522719999984,0.5969286327171641
11/30/2016,60.860001000000004,61.18,60.220001,60.259997999999996,56.782925,34655400,MSFT,0.3199989999999957,-0.7821079999999938,-1.3586511797882506,51.25333100499998,-1.118757663987402
12/1/2016,60.110001000000004,60.150002,58.939999,59.200001,55.784084,34542100,MSFT,0.04000099999999662,-0.9988409999999988,-1.7590516867526662,51.29120737999999,-1.3914915303752773
12/2/2016,59.080002,59.470001,58.799999,59.25,55.831203,25515700,MSFT,0.3899990000000031,0.04711900000000213,0.08446674503070906,51.33102823999999,0.03437033357058805
12/5/2016,59.700001,60.59,59.560001,60.220001,56.745239,23552700,MSFT,0.8899990000000031,0.9140359999999959,1.637141868499592,51.37158581499999,1.0362566872646584
12/6/2016,60.43,60.459998999999996,59.799999,59.950001,56.490818000000004,19907000,MSFT,0.029998999999996556,-0.25442099999999357,-0.4483565572787396,51.41766062499999,-0.7650987711705803
12/7/2016,60.009997999999996,61.380001,59.799999,61.369999,57.828876,30809000,MSFT,1.370003000000004,1.3380579999999966,2.368629181471582,51.46959436999999,1.0605565256825766
12/8/2016,61.299999,61.580002,60.84,61.009997999999996,57.48964300000001,21220800,MSFT,0.28000300000000067,-0.339232999999993,-0.5866152404552905,51.51641414999999,-0.8314876388496595
12/9/2016,61.18,61.990002000000004,61.130001,61.970001,58.394264,27349400,MSFT,0.8100020000000043,0.9046209999999917,1.5735373413259701,51.57145198999999,0.9694899868810891
12/12/2016,61.82,62.299999,61.720001,62.169998,58.58271800000001,20198100,MSFT,0.4799989999999994,0.18845400000000723,0.32272690345067634,51.62937183499999,0.4375110257824777
12/13/2016,62.5,63.419998,62.240002000000004,62.98,59.345978,35718900,MSFT,0.9199979999999996,0.7632599999999954,1.302875704742812,51.683256379999996,0.6354664855858339
12/14/2016,63.0,63.450001,62.529999,62.68,59.063286,30352700,MSFT,0.4500010000000003,-0.2826920000000044,-0.4763456758603013,51.734018594999995,0.3490883396921385
12/15/2016,62.700001,63.150002,62.299999,62.580002,58.969058999999994,27669900,MSFT,0.4500010000000003,-0.09422700000000361,-0.15953565468742603,51.78708084499999,-0.5712566972250643
12/16/2016,62.950001,62.950001,62.119999,62.299999,58.705212,42453100,MSFT,0.0,-0.2638469999999913,-0.44743294954052715,51.840301804999996,-0.2518445177665196
12/19/2016,62.560001,63.77,62.419998,63.619999,59.949043,34338200,MSFT,1.2099990000000034,1.2438310000000001,2.1187743943416715,51.904360510000004,1.9010369645243053
12/20/2016,63.689999,63.799999,63.029999,63.540001000000004,59.873665,26028400,MSFT,0.10999999999999943,-0.07537800000000061,-0.12573678615687145,51.965178800000004,-0.5115054274152375
12/21/2016,63.43,63.700001,63.119999,63.540001000000004,59.873665,17096300,MSFT,0.2700010000000006,0.0,0.0,52.02050095,0.2782709330992006
12/22/2016,63.84,64.099998,63.41,63.549999,59.883099,22176600,MSFT,0.25999799999999595,0.009433999999998832,0.0157565099781376,52.079518955000005,0.18851408696141103
12/23/2016,63.450001,63.540001000000004,62.799999,63.240002000000004,59.590977,12403800,MSFT,0.09000000000000341,-0.2921219999999991,-0.48782044496394894,52.132365445000005,-0.6342571216346848
12/27/2016,63.209998999999996,64.07,63.209998999999996,63.279999,59.628666,11763200,MSFT,0.8600009999999969,0.037689000000000306,0.06324615218173957,52.184938495000004,-0.18486703356435097
12/28/2016,63.400002,63.400002,62.830002,62.990002000000004,59.35540400000001,14653300,MSFT,0.0,-0.27326199999999545,-0.4582728716419626,52.23420544500001,0.3681873895632459
12/29/2016,62.860001000000004,63.200001,62.73,62.900002,59.270599,10250600,MSFT,0.3399999999999963,-0.08480500000001001,-0.14287662838586845,52.279538220000006,-0.12059289068198087
12/30/2016,62.959998999999996,62.990002000000004,62.029999,62.139998999999996,58.554443000000006,25579900,MSFT,0.030003000000007773,-0.7161559999999909,-1.2082820354152202,52.319858480000015,-0.8427878106341713
1/3/2017,62.790001000000004,62.84,62.130001,62.580002,58.969058999999994,20694100,MSFT,0.04999899999999968,0.4146159999999881,0.7080863189151909,52.36765555000001,-0.05692259702536617
1/4/2017,62.48,62.75,62.119999,62.299999,58.705212,21340000,MSFT,0.2700000000000031,-0.2638469999999913,-0.44743294954052715,52.41242451500001,-1.0423489616854242
1/5/2017,62.189999,62.66,62.029999,62.299999,58.705212,24876000,MSFT,0.47000099999999634,0.0,0.0,52.45622357500001,0.07944463012553582
1/6/2017,62.299999,63.150002,62.040001000000004,62.84,59.214054000000004,19922900,MSFT,0.850003000000001,0.5088420000000013,0.8667748274207687,52.50302867000001,0.5090031536308048
1/9/2017,62.759997999999996,63.080002,62.540001000000004,62.639998999999996,59.025597,20382700,MSFT,0.3200040000000044,-0.18845700000000676,-0.3182639715902713,52.54778304500002,0.01180477347226816
1/10/2017,62.73,63.07,62.279999,62.619999,59.006744,18593000,MSFT,0.3400000000000034,-0.01885300000000001,-0.03194038003546673,52.59553763500002,-0.03194038003546673
1/11/2017,62.610001000000004,63.23,62.43,63.189999,59.543854,21517300,MSFT,0.6199989999999929,0.5371100000000055,0.9102518857844633,52.64057403000002,0.6276644830869538
1/12/2017,63.060001,63.400002,61.950001,62.610001000000004,58.997322,20968200,MSFT,0.3400010000000009,-0.5465320000000062,-0.9178646716418548,52.68130738500001,-0.6668772103491705
1/13/2017,62.619999,62.869999,62.349998,62.700001,59.082138,19422300,MSFT,0.25,0.08481600000000356,0.14376245755698402,52.72163354000001,-0.08577480775620039
1/17/2017,62.68,62.700001,62.029999,62.529999,58.921943999999996,20664000,MSFT,0.0200010000000006,-0.16019400000000417,-0.271137784485731,52.759588350000016,0.08120225212758791
1/18/2017,62.669998,62.700001,62.119999,62.5,58.893673,19670100,MSFT,0.030003000000000668,-0.028270999999996604,-0.04798042644349465,52.798048395000016,-0.2689839425469298
1/19/2017,62.240002000000004,62.98,62.200001,62.299999,58.705212,18451700,MSFT,0.7399979999999928,-0.18846099999999666,-0.320002116356366,52.83958431000002,0.05045011361831664
1/20/2017,62.669998,62.82,62.369999,62.740002000000004,59.11982,30213500,MSFT,0.15000200000000063,0.4146079999999941,0.7062541567859348,52.88060690000002,0.33886123626887255
1/23/2017,62.700001,63.119999,62.57,62.959998999999996,59.327137,23097600,MSFT,0.41999799999999965,0.2073170000000033,0.3506725832385982,52.92571428500002,0.6109000662846364
1/24/2017,63.200001,63.740002000000004,62.939999,63.52,59.854824,24672900,MSFT,0.5400010000000037,0.5276870000000002,0.8894530002349521,52.973644890000024,0.24826093055629883
1/25/2017,63.950001,64.099998,63.450001,63.68,60.00558100000001,23672700,MSFT,0.14999699999999905,0.1507570000000058,0.2518710939656277,53.02283730000002,-0.613680024294827
1/26/2017,64.120003,64.540001,63.549999,64.269997,60.56154300000001,43554600,MSFT,0.41999800000000675,0.555962000000001,0.9265171517962578,53.07323922000001,1.0310476346748865
1/27/2017,65.389999,65.910004,64.889999,65.779999,61.984413,44818000,MSFT,0.5200049999999976,1.422869999999996,2.3494612744592747,53.12752253500002,2.506445211412933
1/30/2017,65.690002,65.790001,64.800003,65.129997,61.37191,31651400,MSFT,0.09999899999999684,-0.6125030000000038,-0.9881564902453843,53.17869712000002,-0.36798046325020595
1/31/2017,64.860001,65.150002,64.260002,64.650002,60.919617,25270500,MSFT,0.29000100000000373,-0.4522929999999974,-0.7369707085863819,53.22627082000001,-0.7281962321286195
2/1/2017,64.360001,64.620003,63.470001,63.580002,59.91135799999999,39671500,MSFT,0.26000200000000007,-1.0082590000000096,-1.655064574683729,53.26506219000001,-1.6946067625946193
2/2/2017,63.25,63.41,62.75,63.169998,59.525009,45827000,MSFT,0.1599999999999966,-0.3863489999999956,-0.6448677060533203,53.30224513000001,-0.7107596475632416
2/3/2017,63.5,63.700001,63.07,63.68,60.00558100000001,30301800,MSFT,0.20000100000000032,0.4805720000000093,0.8073446910356719,53.34552575000001,0.11803815867263978
2/6/2017,63.5,63.650002,63.139998999999996,63.639998999999996,59.967895999999996,19796400,MSFT,0.15000200000000063,-0.037685000000010405,-0.06280249165492302,53.38774043,0.11597927565396571
2/7/2017,63.740002000000004,63.779999,63.23,63.43,59.770012,20277200,MSFT,0.03999699999999251,-0.19788399999999484,-0.3299832296934313,53.44744004000001,-0.33435495071373333
2/8/2017,63.57,63.810001,63.220001,63.34,59.685207,18096400,MSFT,0.24000099999999946,-0.0848050000000029,-0.1418855328320867,53.50519150500001,-0.27292400208601686
2/9/2017,63.52,64.440002,63.32,64.059998,60.363663,22644400,MSFT,0.9200020000000038,0.6784560000000042,1.136723878665613,53.569429690000014,0.5434647732507347
2/10/2017,64.25,64.300003,63.98,64.0,60.307125,18170700,MSFT,0.050003000000003794,-0.05653800000000331,-0.09366230806768794,53.63569447000002,-0.48828052689575685
2/13/2017,64.239998,64.860001,64.129997,64.720001,60.985577,22920100,MSFT,0.620002999999997,0.678452,1.1249947663729554,53.710154865000014,0.5807237735379056
2/14/2017,64.410004,64.720001,64.019997,64.57,61.213108,23108400,MSFT,0.30999699999999564,0.22753099999999904,0.37308985368786907,53.78589146500001,-0.026441363627016656
2/15/2017,64.5,64.57,64.160004,64.529999,61.17518199999999,17005200,MSFT,0.06999999999999318,-0.0379260000000059,-0.061957318030647635,53.85802065500002,-0.5839851643875127
2/16/2017,64.739998,65.239998,64.440002,64.519997,61.165691,20546300,MSFT,0.5,-0.009490999999989924,-0.015514461403631774,53.933935855000016,0.0696089753069784
2/17/2017,64.470001,64.690002,64.300003,64.620003,61.26050600000001,21248800,MSFT,0.22000100000001055,0.09481500000000409,0.15501337179368857,54.00990944500002,-0.0026154810718548305
2/21/2017,64.610001,64.949997,64.449997,64.489998,61.137264,20655900,MSFT,0.3399959999999993,-0.12324200000000474,-0.20117692139206556,54.084943530000025,-0.7966942936567079
2/22/2017,64.33000200000001,64.389999,64.050003,64.360001,61.014015,19292700,MSFT,0.05999699999999564,-0.12324900000000127,-0.20159390842220404,54.15728298500003,-0.1127901175011492
2/23/2017,64.41999799999999,64.730003,64.190002,64.620003,61.26050600000001,20273100,MSFT,0.31000500000000386,0.246491000000006,0.40399078801813815,54.23233282500003,0.3362781503784662
2/24/2017,64.529999,64.800003,64.139999,64.620003,61.26050600000001,21796800,MSFT,0.27000400000000013,0.0,0.0,54.30299500000004,-0.12689537981425136
2/27/2017,64.540001,64.540001,64.050003,64.230003,60.890785,15871500,MSFT,0.0,-0.3697210000000055,-0.6035226023108686,54.37167004000003,-0.7598069268443419
2/28/2017,64.08000200000001,64.199997,63.759997999999996,63.98,60.653774,23239800,MSFT,0.11999499999998875,-0.23701100000000253,-0.3892395212181987,54.43703548500003,-0.11931733336558725
3/1/2017,64.129997,64.989998,64.019997,64.940002,61.563877000000005,26937500,MSFT,0.8600009999999969,0.9101030000000065,1.5004886587931088,54.50893739500004,0.10073421113860892
3/2/2017,64.690002,64.75,63.880001,64.010002,60.682219999999994,24539600,MSFT,0.05999799999999311,-0.8816570000000112,-1.4321011654285676,54.572967085000045,-0.8023624384328243
3/3/2017,63.990002000000004,64.279999,63.619999,64.25,60.909737,18135900,MSFT,0.2899969999999996,0.22751700000000596,0.3749318993273576,54.642599275000045,0.3119717389496568
3/6/2017,63.970001,64.559998,63.810001,64.269997,60.928695999999995,18750300,MSFT,0.5899969999999897,0.018958999999995285,0.03112638624591657,54.71093097500005,0.32891996497781406
3/7/2017,64.190002,64.779999,64.190002,64.400002,61.051949,18521000,MSFT,0.5899969999999968,0.12325300000000539,0.2022905594434521,54.78215788000006,0.5009879298404907
3/8/2017,64.260002,65.08000200000001,64.25,64.989998,61.611267000000005,21510900,MSFT,0.8200000000000074,0.5593180000000046,0.9161345528870823,54.85478613000006,1.1017917526399024
3/9/2017,65.190002,65.199997,64.480003,64.730003,61.364788,19846800,MSFT,0.009994999999989318,-0.2464790000000079,-0.400055074342176,54.92892593500006,-0.5268793365584168
3/10/2017,65.110001,65.260002,64.75,64.93,61.554375,19538200,MSFT,0.15000100000000316,0.18958700000000306,0.308950794387175,54.99675829000006,-0.04145762683958054
3/13/2017,65.010002,65.190002,64.57,64.709999,61.345820999999994,20100000,MSFT,0.18000000000000682,-0.20855400000000657,-0.33881263517013815,55.06108295500007,-0.38930940993567864
3/14/2017,64.529999,64.550003,64.150002,64.410004,61.06142,14280200,MSFT,0.020004000000000133,-0.28440099999999546,-0.46360289154822043,55.125055310000064,-0.08093541393475734
3/15/2017,64.550003,64.91999799999999,64.25,64.75,61.383747,24833800,MSFT,0.36999499999998875,0.32232700000000136,0.5278734100844673,55.18863939000006,-0.33747301756010817
3/16/2017,64.75,64.760002,64.300003,64.639999,61.279465,20674300,MSFT,0.010002000000000066,-0.10428199999999777,-0.16988536069653115,55.24853942500006,0.026793878031672325
3/17/2017,64.910004,65.239998,64.68,64.870003,61.497505000000004,49219700,MSFT,0.32999399999999923,0.218040000000002,0.35581250586962376,55.31022737000006,0.5314411297918098
3/20/2017,64.910004,65.18,64.720001,64.93,61.554375,14598100,MSFT,0.2699960000000061,0.05686999999999642,0.09247529635552088,55.37392042000006,0.20215549975258762
3/21/2017,65.190002,65.5,64.129997,64.209999,60.871818999999995,26640500,MSFT,0.3099979999999931,-0.6825560000000053,-1.1088667539878472,55.437409900000056,0.1750957916833218
3/22/2017,64.120003,65.139999,64.120003,65.029999,61.649184999999996,20680000,MSFT,1.0199960000000061,0.7773660000000007,1.2770540009655384,55.50320480500006,1.04173734229136
3/23/2017,64.940002,65.239998,64.769997,64.870003,61.497505000000004,19269200,MSFT,0.29999599999999305,-0.15167999999999182,-0.24603731582175659,55.56838085000006,-0.13934341928694138
3/24/2017,65.360001,65.449997,64.760002,64.980003,61.601799,22617100,MSFT,0.0899959999999993,0.10429399999999589,0.16959061997716685,55.634357490000056,0.2422476281657815
3/27/2017,64.629997,65.220001,64.349998,65.099998,61.715548999999996,18614700,MSFT,0.5900039999999933,0.11374999999999602,0.18465369818176924,55.702856270000055,0.2872781882624409
3/28/2017,64.959999,65.470001,64.650002,65.290001,61.895672,20080400,MSFT,0.5100020000000001,0.1801230000000018,0.291859997875088,55.77290676000006,-0.43582332499070287
3/29/2017,65.120003,65.5,64.949997,65.470001,62.066311,13618400,MSFT,0.379997000000003,0.17063900000000132,0.2756880965764541,55.85004266500007,0.1822032884130076
3/30/2017,65.41999799999999,65.980003,65.360001,65.709999,62.293839,15122800,MSFT,0.5600050000000039,0.2275279999999995,0.36658856686360153,55.92975796000006,0.048164221173196964
3/31/2017,65.650002,66.190002,65.449997,65.860001,62.436039,21040300,MSFT,0.5400000000000063,0.14220000000000255,0.22827297575929162,56.010835385000064,0.4610329765928678
4/3/2017,65.809998,65.940002,65.190002,65.550003,62.142159,20400900,MSFT,0.13000400000001378,-0.2938800000000015,-0.470689692534787,56.087187755000066,-0.296760856108258
4/4/2017,65.389999,65.809998,65.279999,65.730003,62.312801,12997400,MSFT,0.41999899999999,0.17064200000000085,0.2745994068213742,56.165602575000065,0.21087428706965117
4/5/2017,66.300003,66.349998,65.440002,65.559998,62.151638,21448600,MSFT,0.04999499999999557,-0.16116300000000194,-0.25863546079401,56.24349062500006,0.038603011595361725
4/6/2017,65.599998,66.059998,65.480003,65.730003,62.312801,18103500,MSFT,0.45999999999999375,0.16116300000000194,0.2593061183681078,56.31697550000006,-0.021814551461663
4/7/2017,65.849998,65.959999,65.440002,65.68,62.265392000000006,14108500,MSFT,0.1100009999999969,-0.047408999999994705,-0.07608228042901288,56.39115347000006,0.02588140527834959
4/10/2017,65.610001,65.82,65.360001,65.529999,62.123177,17952700,MSFT,0.20999899999999627,-0.1422150000000073,-0.22840135656739813,56.46034159000006,-0.2879393795317653
4/11/2017,65.599998,65.610001,64.849998,65.480003,62.075790000000005,18791500,MSFT,0.010002999999997542,-0.04738699999999341,-0.07627909950579381,56.53896664000006,0.04269816520604541
4/12/2017,65.41999799999999,65.510002,65.110001,65.230003,61.838786999999996,17108500,MSFT,0.09000400000000752,-0.2370030000000085,-0.381796188175787,56.622917905000065,0.05638337222962919
4/13/2017,65.290001,65.860001,64.949997,64.949997,61.573344999999996,17896500,MSFT,0.5699999999999932,-0.2654420000000002,-0.42924839389233416,56.70084459500007,0.2202527418510125
4/17/2017,65.040001,65.489998,65.010002,65.480003,62.075790000000005,16689300,MSFT,0.4499969999999962,0.5024450000000087,0.8160105643115756,56.776167505000075,-0.06997446118381934
4/18/2017,65.33000200000001,65.709999,65.160004,65.389999,61.990479,15155600,MSFT,0.3799969999999888,-0.08531100000000436,-0.13743038952868103,56.848133795000074,0.1609959513515391
4/19/2017,65.650002,65.75,64.889999,65.040001,61.658665,26992800,MSFT,0.09999799999999937,-0.3318140000000014,-0.5352660688426103,56.91848751500008,-0.3514112072134923
4/20/2017,65.459999,65.75,65.139999,65.5,62.094756999999994,22299500,MSFT,0.29000100000000373,0.43609199999999504,0.7072679890166134,56.99097519500008,-0.10664990511484174
4/21/2017,65.66999799999999,66.699997,65.449997,66.400002,62.947968,32522600,MSFT,1.0299990000000037,0.8532110000000088,1.3740467653331923,57.066752230000084,1.6927421413599375
4/24/2017,67.480003,67.660004,67.099998,67.529999,64.019211,29770000,MSFT,0.1800010000000043,1.0712429999999955,1.7017912317677908,57.147885480000085,0.601999016119037
4/25/2017,67.900002,68.040001,67.599998,67.91999799999999,64.388954,30242700,MSFT,0.1399990000000031,0.3697429999999997,0.5775500732116079,57.22658863500009,-0.004308626556914774
4/26/2017,68.08000200000001,68.309998,67.620003,67.83000200000001,64.303619,26190800,MSFT,0.22999599999998566,-0.0853350000000006,-0.13253049583629162,57.3035163350001,-0.06965888361993855
4/27/2017,68.150002,68.379997,67.58000200000001,68.269997,64.720749,34971000,MSFT,0.2299950000000024,0.4171300000000002,0.6486882176880204,57.379646135000094,0.5648042921522434
4/28/2017,68.910004,69.139999,67.690002,68.459999,64.900871,39548800,MSFT,0.2299950000000024,0.18012199999999723,0.27830642071215994,57.4552813200001,0.49623053929006566
5/1/2017,68.68,69.550003,68.5,69.410004,65.801476,31954400,MSFT,0.870002999999997,0.9006049999999988,1.3876624244380409,57.5343497900001,1.1356648497814925
5/2/2017,69.709999,69.709999,69.129997,69.300003,65.697197,23906100,MSFT,0.0,-0.10427899999999113,-0.15847516855092003,57.61308289000009,-0.1961831877367981
5/3/2017,69.379997,69.379997,68.709999,69.08000200000001,65.48864,28928000,MSFT,0.0,-0.208556999999999,-0.3174518998124043,57.68956400500009,-0.19600370131502842
5/4/2017,69.029999,69.08000200000001,68.639999,68.809998,65.232658,21749400,MSFT,0.050003000000003794,-0.25598200000000304,-0.3908800060590689,57.768811460000094,-0.5082974045450772
5/5/2017,68.900002,69.029999,68.489998,69.0,65.412796,19128800,MSFT,0.12999700000000303,0.18013799999999947,0.27614695694293534,57.8358441000001,-0.11754730859139251
5/8/2017,68.970001,69.050003,68.41999799999999,68.940002,65.35590400000001,18566100,MSFT,0.08000200000000746,-0.05689199999999062,-0.08697380861076853,57.9031038700001,-0.07029190260430251
5/9/2017,68.860001,69.279999,68.68,69.040001,65.45072900000001,22858400,MSFT,0.41999800000000675,0.09482500000000016,0.14509018190613787,57.967256565000106,0.23689578292892532
5/10/2017,68.989998,69.559998,68.91999799999999,69.309998,65.706673,17977800,MSFT,0.5699999999999932,0.2559439999999853,0.3910483563903222,58.03194490500011,0.21146380518297647
5/11/2017,68.360001,68.730003,68.120003,68.459999,64.900871,28789400,MSFT,0.3700019999999995,-0.8058019999999999,-1.2263625035466297,58.09246469500011,-1.0220947543321368
5/12/2017,68.610001,68.610001,68.040001,68.379997,64.825027,18714100,MSFT,0.0,-0.07584399999998936,-0.1168612975933514,58.155256250000114,0.050253825172308364
5/15/2017,68.139999,68.480003,67.57,68.43,64.872429,31530300,MSFT,0.3400039999999933,0.04740199999999106,0.07312299306869718,58.2181917950001,-0.4792376983754343
5/16/2017,68.230003,69.440002,68.160004,69.410004,66.17865,34956000,MSFT,1.2099990000000105,1.3062210000000078,2.013522570582338,58.285472545000104,2.1050836660853722
5/17/2017,68.889999,69.099998,67.43,67.480003,64.33850100000001,30548800,MSFT,0.20999899999999627,-1.8401489999999967,-2.780578026296998,58.3440176200001,-1.0061801263740011
5/18/2017,67.400002,68.129997,67.139999,67.709999,64.557785,25201300,MSFT,0.7299950000000024,0.2192839999999876,0.34082858100779045,58.40365911500011,-0.062026516783442176
5/19/2017,67.5,68.099998,67.43,67.690002,64.53872700000001,26961100,MSFT,0.5999979999999994,-0.01905799999998692,-0.0295208393534363,58.4613914500001,-0.6799288212884669
5/22/2017,67.889999,68.5,67.5,68.449997,65.26334399999999,16237600,MSFT,0.6100009999999969,0.7246169999999807,1.1227630814595768,58.52079351500011,0.6150190055519422
5/23/2017,68.720001,68.75,68.379997,68.68,65.482628,15425800,MSFT,0.02999900000000366,0.21928400000001602,0.33599871928109426,58.57864099500011,0.11471812991803443
5/24/2017,68.870003,68.879997,68.449997,68.769997,65.568451,14593900,MSFT,0.009994000000006054,0.08582299999999066,0.13106224142376277,58.6364525050001,-0.1022234067085348
5/25/2017,68.970001,69.879997,68.910004,69.620003,66.378876,21854100,MSFT,0.9099960000000067,0.8104250000000093,1.235998391970572,58.6976650250001,0.758062994920139
5/26/2017,69.800003,70.220001,69.519997,69.959999,66.703026,19827900,MSFT,0.41999799999999254,0.32414999999998884,0.48833306547702016,58.7613354150001,0.5090077705099394
5/30/2017,69.790001,70.410004,69.769997,70.410004,67.132111,17072800,MSFT,0.620002999999997,0.4290850000000006,0.6432766633405862,58.8258490050001,0.7301546955303828
5/31/2017,70.529999,70.739998,69.809998,69.839996,66.588623,30436400,MSFT,0.20999899999999627,-0.5434879999999964,-0.8095797851493058,58.8893194650001,-0.7847368469933724
6/1/2017,70.239998,70.610001,69.449997,70.099998,66.836517,21603600,MSFT,0.370002999999997,0.24789400000000228,0.37227680770632876,58.953192260000094,-0.42294656740822223
6/2/2017,70.440002,71.860001,70.239998,71.760002,68.419235,34770300,MSFT,1.41999899999999,1.5827179999999998,2.36804380455673,59.02647623500009,2.035198466426835
6/5/2017,71.970001,72.889999,71.809998,72.279999,68.91503900000001,33316800,MSFT,0.9199980000000068,0.4958040000000068,0.7246558661464286,59.10167763000008,0.7983697064870565
6/6/2017,72.300003,72.620003,72.269997,72.519997,69.143867,31511100,MSFT,0.3199999999999932,0.22882799999999293,0.3320436341913702,59.17783592000009,0.6517445797440735
6/7/2017,72.639999,72.769997,71.949997,72.389999,69.019913,22301800,MSFT,0.1299980000000005,-0.12395399999999768,-0.17926969574900697,59.25328087000009,-0.3643111467470095
6/8/2017,72.510002,72.519997,71.5,71.949997,68.60039499999999,24588300,MSFT,0.009995000000003529,-0.4195180000000107,-0.6078216876338471,59.32639423500009,-0.6570666693381577
6/9/2017,72.040001,72.08000200000001,68.589996,70.32,67.04628000000001,49187400,MSFT,0.04000100000000373,-1.5541149999999817,-2.265460716370482,59.39070745500009,-2.1136904172875726
6/12/2017,69.25,69.940002,68.129997,69.779999,66.53141,47761700,MSFT,0.6900020000000069,-0.5148700000000161,-0.7679322402376676,59.45216552500009,-0.7473780882807035
6/13/2017,70.019997,70.82,69.959999,70.650002,67.360916,25258600,MSFT,0.8000029999999896,0.8295060000000092,1.2467885469434892,59.51674156000009,0.7577831755375408
6/14/2017,70.910004,71.099998,69.43,70.269997,66.99861899999999,25510700,MSFT,0.18999399999999866,-0.3622970000000123,-0.5378445269360821,59.58016130000009,-0.41106527057389597
6/15/2017,69.269997,70.209999,68.800003,69.900002,66.645844,26068700,MSFT,0.9400019999999927,-0.35277499999999407,-0.5265407037718162,59.64148956000009,-0.3341201831032703
6/16/2017,69.730003,70.029999,69.220001,70.0,66.741196,48345100,MSFT,0.29999600000000726,0.09535200000000543,0.1430726873231647,59.7042773600001,0.12122818317634731
6/19/2017,70.5,70.940002,70.349998,70.870003,67.57067099999999,23798300,MSFT,0.4400020000000069,0.829474999999988,1.2428230983454247,59.773224865000095,0.4103136969819454
6/20/2017,70.82,70.870003,69.870003,69.910004,66.655373,21512200,MSFT,0.050003000000003794,-0.9152979999999928,-1.3545788231109857,59.83698751500009,-0.6801703350239552
6/21/2017,70.209999,70.620003,69.940002,70.269997,66.99861899999999,19891100,MSFT,0.4100040000000007,0.3432459999999935,0.5149562361611792,59.902092000000096,0.5396508869238814
6/22/2017,70.540001,70.589996,69.709999,70.260002,66.989067,22965700,MSFT,0.04999499999999557,-0.009551999999985128,-0.014257010282536786,59.967429485000096,0.031022850197925944
6/23/2017,70.089996,71.25,69.91999799999999,71.209999,67.894852,27617300,MSFT,1.1600040000000007,0.9057849999999945,1.3521385512056616,60.037061960000095,1.232715825600783
6/26/2017,71.400002,71.709999,70.440002,70.529999,67.246498,19607000,MSFT,0.30999699999999564,-0.6483539999999977,-0.9549383803060585,60.104529040000095,-1.020749026650758
6/27/2017,70.110001,70.18,69.18,69.209999,65.987953,25215100,MSFT,0.06999900000000991,-1.258544999999998,-1.8715398384016924,60.171412815000096,-1.0659143403885962
6/28/2017,69.209999,69.839996,68.790001,69.800003,66.550499,25806200,MSFT,0.629997000000003,0.5625459999999975,0.8524980309663421,60.23717821500009,-0.04254082961014927
6/29/2017,69.379997,69.489998,68.089996,68.489998,65.30148299999999,28918700,MSFT,0.1100009999999969,-1.2490160000000117,-1.8767943422933753,60.299132065000094,-0.9979060645267546
6/30/2017,68.779999,69.379997,68.739998,68.93,65.720985,24161100,MSFT,0.5999979999999994,0.4195020000000085,0.6424080751734396,60.36444702500009,0.4559516280775222
7/3/2017,69.33000200000001,69.599998,68.019997,68.16999799999999,64.996376,16165500,MSFT,0.2699959999999919,-0.724609000000001,-1.1025534690327632,60.42178665500009,-1.2721197453323008
7/5/2017,68.260002,69.440002,68.220001,69.08000200000001,65.864006,21176300,MSFT,1.1800000000000068,0.8676300000000055,1.3348898098564765,60.48318361500009,1.103690725555051
7/6/2017,68.269997,68.779999,68.120003,68.57,65.37775400000001,21117600,MSFT,0.5100020000000001,-0.48625199999999325,-0.738266664192877,60.54364687000008,0.17618228934617175
7/7/2017,68.699997,69.839996,68.699997,69.459999,66.226318,16878300,MSFT,1.139999000000003,0.8485639999999961,1.2979399689992288,60.60891458500009,0.6494225653635333
7/10/2017,69.459999,70.25,69.199997,69.980003,66.722115,15014500,MSFT,0.7900010000000037,0.49579699999999605,0.7486404423087345,60.67221539000009,0.6412576215286903
7/11/2017,70.0,70.68,69.75,69.989998,66.731636,17460000,MSFT,0.6800000000000068,0.009520999999992341,0.014269631590657639,60.73528296000009,0.08853528819657841
7/12/2017,70.690002,71.279999,70.550003,71.150002,67.837662,17750900,MSFT,0.5899969999999968,1.106026,1.6574237742350562,60.805705860000096,0.905943932363984
7/13/2017,71.5,72.040001,71.309998,71.769997,68.42878,20269800,MSFT,0.5400010000000037,0.5911180000000087,0.871371421969136,60.8815646100001,0.7033473901945309
7/14/2017,72.239998,73.269997,71.959999,72.779999,69.391769,25868100,MSFT,1.0299990000000037,0.9629889999999932,1.407286524763407,60.95732447500009,0.9408759625744167
7/17/2017,72.800003,73.449997,72.720001,73.349998,69.935226,21803900,MSFT,0.6499939999999924,0.5434570000000036,0.7831721367414612,61.03542725000009,0.7953845841273566
7/18/2017,73.089996,73.389999,72.660004,73.300003,69.88754300000001,26435300,MSFT,0.3000030000000038,-0.04768299999999215,-0.06818166284325855,61.1162398950001,-0.12112863944306884
7/19/2017,73.5,74.040001,73.449997,73.860001,70.42147800000001,22416200,MSFT,0.5400010000000037,0.5339349999999996,0.7639916601446473,61.198786240000096,0.22259460850999613
7/20/2017,74.18,74.300003,73.279999,74.220001,70.764717,42361000,MSFT,0.12000299999999697,0.34323899999999696,0.4874066971442881,61.2838911800001,0.44287388365813474
7/21/2017,73.449997,74.290001,73.16999799999999,73.790001,70.354736,46717100,MSFT,0.8400040000000075,-0.4099810000000019,-0.5793579305913177,61.36778859500009,-0.49033835334146847
7/24/2017,73.529999,73.75,73.129997,73.599998,70.173592,21394800,MSFT,0.22000099999999634,-0.1811440000000033,-0.25747236120678973,61.44890834500009,-0.23315840657103237
7/25/2017,73.800003,74.309998,73.5,74.190002,70.73613,22018700,MSFT,0.5099949999999893,0.5625380000000035,0.8016377442956024,61.53237278000009,0.558543355785801
7/26/2017,74.339996,74.379997,73.809998,74.050003,70.602623,16252200,MSFT,0.04000100000000373,-0.1335070000000087,-0.1887394744383264,61.614888915000094,-0.1927862251494994
7/27/2017,73.760002,74.41999799999999,72.32,73.160004,69.754074,36844200,MSFT,0.6599959999999925,-0.8485489999999913,-1.2018661119714946,61.69203910500009,-1.1088990702945223
7/28/2017,72.66999799999999,73.309998,72.540001,73.040001,69.639641,18306700,MSFT,0.6400000000000006,-0.11443300000000534,-0.16405206669363182,61.77259506000009,-0.04674206420977045
7/31/2017,73.300003,73.440002,72.410004,72.699997,69.315483,23600100,MSFT,0.1399990000000031,-0.32415799999999706,-0.46547913709089617,61.8519046000001,-0.4087857924095717
8/1/2017,73.099998,73.41999799999999,72.489998,72.58000200000001,69.20108,22132300,MSFT,0.3199999999999932,-0.11440299999999581,-0.1650468193375998,61.9315312750001,-0.3879299016954274
8/2/2017,72.550003,72.559998,71.440002,72.260002,68.895973,26499200,MSFT,0.009994999999989318,-0.3051070000000067,-0.4408991882785762,62.0072924950001,-0.4894145654423254
8/3/2017,72.190002,72.440002,71.849998,72.150002,68.791092,18214400,MSFT,0.25,-0.10488099999999179,-0.15223095840447565,62.0834652850001,0.04175605802058113
8/4/2017,72.400002,73.040001,72.239998,72.68,69.296425,22579000,MSFT,0.6399990000000031,0.5053329999999931,0.7345907519537453,62.16010562500011,0.5523699093827661
8/7/2017,72.800003,72.900002,72.260002,72.400002,69.029457,18705700,MSFT,0.09999899999999684,-0.26696800000000565,-0.38525508350539805,62.23601949000011,-0.5711713590599299
8/8/2017,72.089996,73.129997,71.75,72.790001,69.401299,22044600,MSFT,1.0400010000000037,0.3718420000000009,0.5386714833929496,62.315102915000104,0.7847686949303156
8/9/2017,72.25,72.510002,72.050003,72.470001,69.096191,22213400,MSFT,0.26000200000000007,-0.30510799999998994,-0.43962865882378743,62.38138230500011,-0.43558568920746277
8/10/2017,71.900002,72.190002,71.349998,71.410004,68.085533,24734500,MSFT,0.29000000000000625,-1.0106580000000065,-1.4626826535199422,62.4363373500001,-0.051158164336273515
8/11/2017,71.610001,72.699997,71.279999,72.5,69.124794,21443700,MSFT,1.0899959999999993,1.0392609999999962,1.5264050293914755,62.4965355250001,1.3787332549497266
8/14/2017,73.059998,73.720001,72.949997,73.589996,70.164047,20096600,MSFT,0.6600030000000032,1.0392530000000022,1.5034446250935751,62.5636147450001,0.512128875871598
8/15/2017,73.589996,73.589996,73.040001,73.220001,70.183228,19181400,MSFT,0.0,0.019181000000003223,0.027337362680923682,62.6332701850001,0.03949484793445146
8/16/2017,73.339996,74.099998,73.16999799999999,73.650002,70.59539000000001,18150400,MSFT,0.7600020000000001,0.41216200000000924,0.5872656640985685,62.706062810000105,0.41282271148421756
8/17/2017,73.58000200000001,73.870003,72.400002,72.400002,69.39723199999999,22977500,MSFT,0.2900009999999895,-1.1981580000000207,-1.697218472764328,62.7726306500001,-0.13812635877644697
8/18/2017,72.269997,72.839996,71.93,72.489998,69.483498,18761500,MSFT,0.5699989999999957,0.08626600000000906,0.12430755163261864,62.8401913650001,0.2806240090950429
8/21/2017,72.470001,72.480003,71.699997,72.150002,69.1576,17734800,MSFT,0.010002000000000066,-0.32589799999999514,-0.46902935140080704,62.907854175000104,-0.5473032084789331
8/22/2017,72.349998,73.239998,72.349998,73.160004,70.12571700000001,14343700,MSFT,0.8900000000000006,0.9681170000000066,1.399870730042685,62.981387135000105,0.354171282187421
8/23/2017,72.959999,73.150002,72.529999,72.720001,69.703972,13766500,MSFT,0.19000300000000436,-0.4217450000000156,-0.6014127456265617,63.0551513050001,-0.24289261853402966
8/24/2017,72.739998,72.860001,72.07,72.690002,69.675201,17098300,MSFT,0.12000299999999697,-0.028770999999991886,-0.041275983526434246,63.1207690350001,0.19179597060334785
8/25/2017,72.860001,73.349998,72.480003,72.82,69.799805,12794300,MSFT,0.48999700000000246,0.12460400000000504,0.17883550849031593,63.1867757900001,-0.05478094006128309
8/28/2017,73.059998,73.089996,72.550003,72.83000200000001,69.809395,14569700,MSFT,0.029998000000006186,0.009589999999988663,0.013739293397718733,63.25423448000011,0.009658159542169642
8/29/2017,72.25,73.160004,72.050003,73.050003,70.020271,11478400,MSFT,0.9100040000000007,0.21087599999999895,0.30207395437247264,63.3296269150001,0.18758990262319752
8/30/2017,73.010002,74.209999,72.83000200000001,74.010002,70.940453,16897800,MSFT,1.1999969999999962,0.9201820000000112,1.3141651508318475,63.40812272500009,0.8404146610488716
8/31/2017,74.029999,74.959999,73.800003,74.769997,71.668945,27652800,MSFT,0.9299999999999926,0.7284919999999886,1.026906326634247,63.49447291500009,0.4252894963580278
9/1/2017,74.709999,74.739998,73.639999,73.940002,70.87335999999999,21736200,MSFT,0.02999900000000366,-0.7955850000000027,-1.1100833143281252,63.57147403000008,-1.251496651451156
9/5/2017,73.339996,73.889999,72.980003,73.610001,70.557045,21556000,MSFT,0.5500030000000038,-0.3163149999999888,-0.44631015095092375,63.64321860500007,0.27191136522105586
9/6/2017,73.739998,74.040001,73.349998,73.400002,70.35575899999999,16535800,MSFT,0.3000030000000038,-0.2012860000000103,-0.28528122174051873,63.70929240500008,-0.6266609792109579
9/7/2017,73.68,74.599998,73.599998,74.339996,71.25676700000001,17471200,MSFT,0.9199979999999925,0.9010080000000187,1.2806456966799606,63.78123755500008,1.2927790463329258
9/8/2017,74.33000200000001,74.440002,73.839996,73.980003,70.911705,14703800,MSFT,0.10999999999999943,-0.34506200000001286,-0.48425155185614077,63.84905455500009,-0.3667783384490808
9/11/2017,74.309998,74.940002,74.309998,74.760002,71.659348,17910400,MSFT,0.6300040000000138,0.7476429999999965,1.0543294650720902,63.919384815000086,-0.012249490700932952
9/12/2017,74.760002,75.239998,74.370003,74.68,71.582672,14394900,MSFT,0.47999599999999987,-0.07667599999999197,-0.10700069445229721,63.992723915000084,-0.4440781223286838
9/13/2017,74.93,75.230003,74.550003,75.209999,72.090691,13380800,MSFT,0.3000029999999896,0.5080190000000044,0.7096954972566571,64.06799064000009,0.6617034702260938
9/14/2017,75.0,75.489998,74.519997,74.769997,71.668945,15733900,MSFT,0.48999799999999993,-0.42174600000001305,-0.5850214419501287,64.14077172500009,-0.5530484301559668
9/15/2017,74.83000200000001,75.389999,74.07,75.309998,72.186531,38578400,MSFT,0.5599969999999956,0.5175860000000085,0.7221900643298307,64.21387921500008,0.5875825668794743
9/18/2017,75.230003,75.970001,75.040001,75.160004,72.042763,23307000,MSFT,0.7399979999999999,-0.14376800000000856,-0.19916180762309388,64.29017840500008,-0.41184808356873326
9/19/2017,75.209999,75.709999,75.010002,75.440002,72.311157,16093300,MSFT,0.5,0.2683940000000007,0.37254817669889473,64.37281377000008,0.27243459169328244
9/20/2017,75.349998,75.550003,74.309998,74.940002,71.831886,21587900,MSFT,0.20000500000000443,-0.4792709999999971,-0.6627898375350272,64.45281718500007,-0.6987954214976444
9/21/2017,75.110001,75.239998,74.110001,74.209999,71.132149,19186100,MSFT,0.12999700000000303,-0.6997369999999989,-0.9741314602264461,64.52475173500007,-0.7061944352756422
9/22/2017,73.989998,74.510002,73.849998,74.410004,71.32386,14111400,MSFT,0.5200040000000001,0.19171099999999797,0.2695138593380664,64.59891694500007,0.24945530354194556
9/25/2017,74.089996,74.25,72.91999799999999,73.260002,70.221558,24149200,MSFT,0.1600040000000007,-1.1023019999999946,-1.5454884242103506,64.66088035500007,-1.3410293151357888
9/26/2017,73.66999799999999,73.809998,72.989998,73.260002,70.221558,18019600,MSFT,0.14000000000000057,0.0,0.0,64.72453993000006,-0.06025354723715459
9/27/2017,73.550003,74.16999799999999,73.16999799999999,73.849998,70.787094,19565100,MSFT,0.6199949999999887,0.5655359999999945,0.8053595165177008,64.78650408000006,0.41592703507935536
9/28/2017,73.540001,73.970001,73.309998,73.870003,70.806267,10883800,MSFT,0.4299999999999926,0.01917300000000921,0.027085445830010713,64.84762182500006,-0.09288860774796515
9/29/2017,73.940002,74.540001,73.879997,74.489998,71.40055100000001,17079100,MSFT,0.5999989999999968,0.5942840000000018,0.839309887640316,64.90789469000006,0.4877912996912981
10/2/2017,74.709999,75.010002,74.300003,74.610001,71.515564,15304800,MSFT,0.3000030000000038,0.11501299999999048,0.16108138997412702,64.97015608000007,-0.27277845833419967
10/3/2017,74.66999799999999,74.879997,74.190002,74.260002,71.180092,12190400,MSFT,0.20999900000001048,-0.3354719999999958,-0.4690894977770088,65.03121124500007,-0.6830984631436166
10/4/2017,74.089996,74.720001,73.709999,74.690002,71.59225500000001,13317700,MSFT,0.630004999999997,0.4121630000000067,0.5790425221704032,65.09564646000007,0.46038885292796206
10/5/2017,75.220001,76.120003,74.959999,75.970001,72.81916,21195300,MSFT,0.9000020000000006,1.226904999999988,1.7137398451829489,65.15999704500005,1.1212264309287123
10/6/2017,75.66999799999999,76.029999,75.540001,76.0,72.847931,13959800,MSFT,0.3600010000000111,0.028771000000006097,0.03951020583046194,65.22486837500006,0.15340671707784193
10/9/2017,75.970001,76.550003,75.860001,76.290001,73.1259,11386500,MSFT,0.5800020000000075,0.2779689999999988,0.3815743236413871,65.29112955000006,0.5466752265312569
10/10/2017,76.33000200000001,76.629997,76.139999,76.290001,73.1259,13944500,MSFT,0.29999499999999557,0.0,0.0,65.35734355500006,-0.26382655101020447
10/11/2017,76.360001,76.459999,75.949997,76.41999799999999,73.250496,15388900,MSFT,0.09999799999999937,0.12459599999999682,0.1703855952542188,65.42564115000006,0.013291575950113987
10/12/2017,76.489998,77.290001,76.370003,77.120003,73.92145500000001,16876500,MSFT,0.8000030000000038,0.6709590000000105,0.9159787805395947,65.49710509500005,1.0649877663743035
10/13/2017,77.589996,77.870003,77.290001,77.489998,74.276123,15335700,MSFT,0.2800069999999977,0.35466799999998955,0.4797903396246639,65.57170869000005,0.35803494482726794
10/16/2017,77.41999799999999,77.809998,77.349998,77.650002,74.429482,12380100,MSFT,0.39000000000000057,0.1533589999999947,0.20647146593797405,65.64750310500006,0.07312786542781335
10/17/2017,77.470001,77.620003,77.25,77.589996,74.371971,16824000,MSFT,0.15000200000000063,-0.057510999999990986,-0.07726911225848232,65.72659074500005,-0.14777963665472127
10/18/2017,77.66999799999999,77.849998,77.370003,77.610001,74.391144,13300700,MSFT,0.18000000000000682,0.019172999999995,0.025779873441833523,65.80370117000005,-0.07208039837491853
10/19/2017,77.57,77.93,77.349998,77.910004,74.67871099999999,15092800,MSFT,0.36000000000001364,0.2875669999999957,0.3865607981509145,65.88356866500004,0.3591881553637766
10/20/2017,78.32,78.970001,78.220001,78.809998,75.541382,22866400,MSFT,0.6500010000000032,0.862671000000006,1.1551766071591807,65.96774951500004,0.6391283823583782
10/23/2017,78.989998,79.339996,78.760002,78.83000200000001,75.56055500000001,20627200,MSFT,0.34999799999999937,0.01917300000000921,0.025380790624152105,66.04948202000004,0.4143189092634225
10/24/2017,78.900002,79.199997,78.459999,78.860001,75.589302,17517200,MSFT,0.29999499999999557,0.028746999999995637,0.03804498259707412,66.13230054500005,-0.13766078204109355
10/25/2017,78.58000200000001,79.099998,78.010002,78.629997,75.368851,20410800,MSFT,0.5199959999999919,-0.22045099999999707,-0.2916431216681947,66.21411108000004,0.20337101142520186
10/26/2017,79.199997,79.41999799999999,78.75,78.760002,75.493439,32120700,MSFT,0.22000099999999634,0.1245879999999886,0.16530436426580586,66.29385900500004,0.03603520660364623
10/27/2017,84.370003,86.199997,83.610001,83.809998,80.334,71066700,MSFT,1.8299939999999992,4.840561000000008,6.411896270879924,66.40054239500004,5.594275675669502
10/30/2017,83.699997,84.33000200000001,83.110001,83.889999,80.41068299999999,31756700,MSFT,0.6300050000000113,0.07668299999998851,0.09545522443796806,66.50718512000005,0.467968069729896
10/31/2017,84.360001,84.360001,83.110001,83.18,79.730133,27086600,MSFT,0.0,-0.6805499999999967,-0.846342767664332,66.61122606500004,-1.0021212695335624
11/1/2017,83.68,83.760002,82.879997,83.18,79.730133,22307400,MSFT,0.08000199999999325,0.0,0.0,66.71540836500004,-0.1322277405720218
11/2/2017,83.349998,84.459999,83.120003,84.050003,80.56405600000001,23992900,MSFT,1.110000999999997,0.8339230000000128,1.0459320317451448,66.82470258500003,1.0070899502496955
11/3/2017,84.08000200000001,84.540001,83.400002,84.139999,80.650314,17633500,MSFT,0.45999899999999627,0.08625799999998662,0.1070675984833569,66.93235505500003,-0.22680401480519308
11/6/2017,84.199997,84.699997,84.08000200000001,84.470001,80.96664399999999,19860900,MSFT,0.5,0.31632999999999356,0.39222413938770906,67.04055259000003,0.23745771821339634
11/7/2017,84.769997,84.900002,83.93,84.269997,80.774918,17939700,MSFT,0.13000499999999704,-0.19172599999998852,-0.23679627872434938,67.14515306000003,-0.16726158470259378
11/8/2017,84.139999,84.610001,83.83000200000001,84.559998,81.05289499999999,18034200,MSFT,0.4700019999999938,0.2779769999999928,0.34413776811261787,67.25038963000003,0.17405341907830163
11/9/2017,84.110001,84.269997,82.900002,84.089996,80.602379,21178400,MSFT,0.1599960000000067,-0.45051599999999326,-0.555829622125148,67.35059381000003,-0.19305653018835134
11/10/2017,83.790001,84.099998,83.230003,83.870003,80.391525,19397800,MSFT,0.30999699999999564,-0.21085399999999765,-0.2615977377044887,67.44262937000003,-0.23060746489800277
11/13/2017,83.660004,83.940002,83.459999,83.93,80.449028,14196900,MSFT,0.2799980000000062,0.05750299999999697,0.07152868414923574,67.53801496000004,-0.02145915988915892
11/14/2017,83.5,84.099998,82.980003,84.050003,80.56405600000001,18801300,MSFT,0.5999979999999994,0.11502800000000946,0.14298246089436972,67.63623715500005,0.37523976052125096
11/15/2017,83.470001,83.690002,82.690002,82.980003,79.937889,19383100,MSFT,0.22000100000001055,-0.6261670000000095,-0.7772287432996294,67.73636981000006,-0.27671778958242577
11/16/2017,83.099998,83.41999799999999,82.940002,83.199997,80.149803,20962800,MSFT,0.3199999999999932,0.21191400000000726,0.2650983190211731,67.83949378000005,-0.584998764798117
11/17/2017,83.120003,83.120003,82.239998,82.400002,79.37915,22079000,MSFT,0.0,-0.77065300000001,-0.9615157756532655,67.93636162500006,-0.6676397538586953
11/20/2017,82.400002,82.589996,82.25,82.529999,79.504372,16315000,MSFT,0.18999399999999866,0.12522200000000794,0.15775175219185922,68.03404400500006,-0.012872998363455679
11/21/2017,82.739998,83.839996,82.739998,83.720001,80.650749,21237500,MSFT,1.0999979999999994,1.146377000000001,1.441904352127965,68.13844769000005,0.7876106266181404
11/22/2017,83.83000200000001,83.900002,83.040001,83.110001,80.063126,20553100,MSFT,0.06999999999999318,-0.5876230000000078,-0.7286020369135171,68.24033728500004,-0.6401444047156479
11/24/2017,83.010002,83.43,82.779999,83.260002,80.207611,7425600,MSFT,0.41999800000000675,0.14448500000000308,0.18046385048717806,68.33955702500003,-0.05050228841307902
11/27/2017,83.309998,83.980003,83.300003,83.870003,80.79525799999999,18265200,MSFT,0.6700050000000033,0.5876469999999898,0.7326574032980426,68.44199769000005,0.7825818686806096
11/28/2017,84.07,85.059998,84.019997,84.879997,81.768227,21926000,MSFT,0.9899979999999999,0.9729690000000062,1.2042402290491028,68.54591094000006,0.18974679025254293
11/29/2017,84.709999,84.91999799999999,83.18,83.339996,80.284676,27381100,MSFT,0.20999899999999627,-1.4835509999999914,-1.8143367594358972,68.64126878000005,-1.7534699935278786
11/30/2017,83.510002,84.519997,83.339996,84.16999799999999,81.084251,33054600,MSFT,1.0099950000000035,0.7995749999999902,0.9959248013904798,68.74081412500004,0.12043115845712382
12/1/2017,83.599998,84.809998,83.220001,84.260002,81.170952,29532100,MSFT,1.2099999999999937,0.08670100000000502,0.10692705294892413,68.84084043000004,0.31447184295462227
12/4/2017,84.41999799999999,84.43,80.699997,81.08000200000001,78.107552,39094900,MSFT,0.010002000000014277,-3.0634000000000015,-3.7740101902463796,68.92507566000003,-3.6530145024918026
12/5/2017,81.339996,82.68,80.980003,81.589996,78.598831,26152300,MSFT,1.3400040000000075,0.4912790000000058,0.6289775923332019,69.01238349500004,0.9886503969024241
12/6/2017,81.550003,83.139999,81.43,82.779999,79.745209,26162100,MSFT,1.5899959999999993,1.1463779999999986,1.4585178754121575,69.10603946500004,1.4395054776600524
12/7/2017,82.540001,82.800003,82.0,82.489998,79.465836,23184500,MSFT,0.26000200000000007,-0.27937300000000675,-0.35033201806519143,69.19706611500003,-0.6656226919893649
12/8/2017,83.629997,84.58000200000001,83.33000200000001,84.160004,81.074623,24489100,MSFT,0.9500050000000044,1.6087870000000066,2.024501447389304,69.29613670000002,1.4791775324508816
12/11/2017,84.290001,85.370003,84.120003,85.230003,82.10539200000001,22857900,MSFT,1.0800019999999932,1.0307690000000065,1.2713830319013741,69.40220973500003,0.9700811814422172
12/12/2017,85.309998,86.050003,85.08000200000001,85.58000200000001,82.44255799999999,23924100,MSFT,0.7400050000000107,0.3371659999999821,0.4106502530308642,69.51115365500003,0.2341738390841952
12/13/2017,85.739998,86.0,85.16999799999999,85.349998,82.220993,22062700,MSFT,0.26000200000000007,-0.22156499999998402,-0.26875075855844477,69.61443923500002,-0.2575172100713119
12/14/2017,85.43,85.870003,84.529999,84.690002,81.58518199999999,19306000,MSFT,0.44000299999999015,-0.6358110000000181,-0.7732952094120504,69.71895404500003,-0.3646722142840675
12/15/2017,85.260002,87.089996,84.879997,86.849998,83.666,53936700,MSFT,1.8299939999999992,2.080818000000008,2.550485209434239,69.83273536000003,1.7177366334704347
12/18/2017,87.120003,87.5,86.230003,86.379997,83.213234,22283800,MSFT,0.379997000000003,-0.4527659999999969,-0.5411588936963585,69.94415805000003,-1.1752709251399263
12/19/2017,86.349998,86.349998,85.269997,85.83000200000001,82.683403,23524800,MSFT,0.0,-0.5298310000000015,-0.6367148283168533,70.05231532000002,-0.25267122382389706
12/20/2017,86.199997,86.300003,84.709999,85.519997,82.384773,23674900,MSFT,0.10000600000000759,-0.29863000000000284,-0.3611728462603381,70.15618285000001,-0.30875995172272575
12/21/2017,86.050003,86.099998,85.400002,85.5,82.365501,17990700,MSFT,0.04999499999999557,-0.019272000000000844,-0.0233926723327893,70.26118641500001,-0.22935841628294318
12/22/2017,85.400002,85.629997,84.91999799999999,85.510002,82.375114,14145800,MSFT,0.2299950000000024,0.009613000000001648,0.011671148579561752,70.36529011000002,0.03781656332968453
12/26/2017,85.309998,85.529999,85.029999,85.400002,82.269165,9891200,MSFT,0.22000100000001055,-0.10594899999999541,-0.1286177279220424,70.46990683000001,-0.009002386927869921
12/27/2017,85.650002,85.980003,85.220001,85.709999,82.567787,14678000,MSFT,0.33000099999999577,0.2986219999999946,0.3629816833560895,70.577438665,0.31434237404388554
12/28/2017,85.900002,85.93,85.550003,85.720001,82.577423,10594300,MSFT,0.029998000000006186,0.009636000000000422,0.011670410883124482,70.68340704500001,-0.1940839989542642
12/29/2017,85.629997,86.050003,85.5,85.540001,82.404037,18717400,MSFT,0.42000600000000077,-0.1733859999999936,-0.20996780197414244,70.78902990500002,0.16708294698587478
1/2/2018,86.129997,86.309998,85.5,85.949997,82.798996,22483800,MSFT,0.18000099999999009,0.39495900000000006,0.4792956927583525,70.89553736000002,-0.23644256027290922
1/3/2018,86.059998,86.510002,85.970001,86.349998,83.184326,26061400,MSFT,0.45000400000000695,0.3853299999999962,0.46538003914926573,71.00368711500002,-0.16712340707079054
1/4/2018,86.589996,87.660004,86.57,87.110001,83.916473,21912000,MSFT,1.0700080000000014,0.7321469999999977,0.8801501859857508,71.11891038500002,0.4586683354478094
1/5/2018,87.660004,88.410004,87.43,88.190002,84.956886,23407100,MSFT,0.75,1.040413000000001,1.2398197431391145,71.23544889000001,0.5734220869292317
1/8/2018,88.199997,88.58000200000001,87.599998,88.279999,85.043571,22113000,MSFT,0.38000500000001125,0.08668500000000279,0.1020341070410824,71.35317922000002,-0.08085204050218842
1/9/2018,88.650002,88.730003,87.860001,88.220001,84.985786,19484300,MSFT,0.08000099999999577,-0.057784999999995534,-0.0679475230408566,71.47009915500001,-0.29428420253380105
1/10/2018,87.860001,88.190002,87.410004,87.82,84.600449,18652200,MSFT,0.33000100000001,-0.3853370000000069,-0.4534134684593072,71.58452365500001,-0.3004133435304923
1/11/2018,88.129997,88.129997,87.239998,88.08000200000001,84.85090600000001,17808900,MSFT,0.0,0.2504570000000115,0.29604689213884594,71.69929982500001,-0.433558787960342
1/12/2018,88.66999799999999,89.779999,88.449997,89.599998,86.315178,24271500,MSFT,1.1100010000000111,1.464271999999994,1.72569990001048,71.82054416000001,1.0737876310947136
1/16/2018,90.099998,90.790001,88.010002,88.349998,85.111008,36599700,MSFT,0.6900030000000044,-1.2041700000000048,-1.3950848829854756,71.934630005,-1.0532636416351715
1/17/2018,89.08000200000001,90.279999,88.75,90.139999,86.835373,25621200,MSFT,1.1999969999999962,1.724365000000006,2.0260187730358092,72.056626675,1.0728841906344488
1/18/2018,89.800003,90.66999799999999,89.660004,90.099998,86.79686,24159700,MSFT,0.8699949999999887,-0.0385130000000089,-0.044351741311698945,72.17990018,0.12370222346346216
1/19/2018,90.139999,90.610001,89.660004,90.0,86.700523,36875000,MSFT,0.4700019999999938,-0.09633699999999124,-0.1109913423135267,72.30183879,-0.5659447197812972
1/22/2018,90.0,91.620003,89.739998,91.610001,88.251488,23601600,MSFT,1.620002999999997,1.5509649999999908,1.788876175522014,72.43233804,0.9757715558605717
1/23/2018,91.900002,92.300003,91.540001,91.900002,88.530876,23412800,MSFT,0.40000100000000316,0.2793880000000115,0.3165816308955627,72.563428415,0.10433570764725175
1/24/2018,92.550003,93.43,91.58000200000001,91.82,88.453789,33277500,MSFT,0.879997000000003,-0.0770870000000059,-0.0870735764548436,72.69437040000001,-0.04824708242561204
1/25/2018,92.470001,93.239998,91.93,92.33000200000001,88.945114,26383200,MSFT,0.7699970000000036,0.49132500000000334,0.555459529269009,72.82848008500001,0.5130950830311676
1/26/2018,93.120003,94.059998,92.58000200000001,94.059998,90.61167900000001,29172200,MSFT,0.9399949999999961,1.6665650000000056,1.8737004485710251,72.97115953000001,0.7159311564136184
1/29/2018,95.139999,95.449997,93.720001,93.91999799999999,90.476807,31569900,MSFT,0.3099979999999931,-0.13487200000001565,-0.14884615480971197,73.11434962999999,0.514126950468663
1/30/2018,93.300003,93.660004,92.099998,92.739998,89.340065,38635100,MSFT,0.3600009999999969,-1.1367419999999981,-1.2563904913222679,73.25318322999999,-0.23069139352710488
1/31/2018,93.75,95.400002,93.510002,95.010002,91.526848,48756300,MSFT,1.6500020000000006,2.1867830000000055,2.4477069722302236,73.40043852,2.3980588917631884
2/1/2018,94.790001,96.07,93.58000200000001,94.260002,90.80435200000001,47227900,MSFT,1.2799989999999895,-0.7224959999999925,-0.7893814938322752,73.54450788499999,-0.6759002196651709
2/2/2018,93.639999,93.970001,91.5,91.779999,88.41526,47867800,MSFT,0.33000199999999325,-2.389092000000005,-2.631032486196261,73.67829085999998,-0.4540339768579371
2/5/2018,90.559998,93.239998,88.0,88.0,84.773842,51031500,MSFT,2.680000000000007,-3.6414180000000016,-4.118540170554274,73.79168628499998,0.0637419070432248
2/6/2018,86.889999,91.480003,85.25,91.33000200000001,87.98175,67998600,MSFT,4.590003999999993,3.2079080000000033,3.7840776403645915,73.91685519499998,1.8138267847447542
2/7/2018,90.489998,91.769997,89.199997,89.610001,86.324814,41107600,MSFT,1.2799990000000037,-1.6569360000000017,-1.883272383193102,74.02838320999997,-1.3407792155287201
2/8/2018,89.709999,89.879997,84.760002,85.010002,81.89347099999999,55628700,MSFT,0.16999800000000675,-4.4313430000000125,-5.1333362849759645,74.11590579499997,-1.3824585938222222
2/9/2018,86.300003,88.93,83.83000200000001,88.18,84.94723499999999,63499100,MSFT,2.629997000000003,3.053764000000001,3.7289468411956905,74.21912387499997,2.2267935814867634
2/12/2018,88.739998,89.779999,87.93,89.129997,85.86239599999999,35720300,MSFT,1.0400010000000037,0.9151609999999977,1.0773287676756116,74.32483210999997,-0.3911250053858506
2/13/2018,88.93,90.0,87.800003,89.83000200000001,86.53675799999999,26407700,MSFT,1.0699999999999932,0.6743620000000021,0.7853985346507164,74.43301154499997,0.5366738414747108
2/14/2018,88.510002,90.989998,88.410004,90.809998,87.891769,34960900,MSFT,2.479996,1.3550110000000046,1.565821312603366,74.54346300999997,0.21618603011430704
2/15/2018,91.209999,92.720001,90.620003,92.660004,89.682312,27823900,MSFT,1.510002,1.7905429999999996,2.037213518822223,74.66338858499998,0.7612285512850869
2/16/2018,92.449997,93.5,91.800003,92.0,89.043526,30596900,MSFT,1.0500030000000038,-0.6387859999999961,-0.7122764631670053,74.78116301499998,-0.7415886308830943
2/20/2018,91.480003,93.059998,91.010002,92.720001,89.740387,30911700,MSFT,1.5799949999999967,0.6968609999999984,0.7826071487780029,74.90370165999997,1.4087237623729987
2/21/2018,92.980003,93.360001,91.489998,91.489998,88.54989599999999,26922500,MSFT,0.3799980000000005,-1.1904910000000086,-1.326594457409691,75.01938715999997,-0.8291661760128632
2/22/2018,92.050003,92.730003,91.360001,91.730003,88.78220400000001,24392800,MSFT,0.6799999999999926,0.2323080000000175,0.262347004902197,75.13651865999996,0.13273286635202552
2/23/2018,93.599998,94.07,92.360001,94.059998,91.037323,26329200,MSFT,0.4700019999999938,2.2551189999999934,2.540057464669365,75.26445162999997,0.9461296430490762
2/26/2018,94.400002,95.449997,94.25,95.41999799999999,92.353607,30199800,MSFT,1.0499949999999956,1.316283999999996,1.4458729196156206,75.39768629999996,0.2846425253651752
2/27/2018,95.739998,95.839996,94.199997,94.199997,91.172836,25869100,MSFT,0.09999799999999937,-1.180770999999993,-1.278532629483542,75.52904612499997,-0.029887844722187307
2/28/2018,94.839996,95.709999,93.629997,93.769997,90.75664499999999,31167300,MSFT,0.870002999999997,-0.41619100000001197,-0.4564857453814519,75.65870421499996,0.5565376929073884
3/1/2018,93.989998,94.57,91.839996,92.849998,89.86621099999999,37135600,MSFT,0.5800019999999932,-0.8904339999999991,-0.981122649476518,75.78367312499996,0.47293582090236486
3/2/2018,91.58000200000001,93.150002,90.860001,93.050003,90.059784,32830400,MSFT,1.5699999999999932,0.19357300000000066,0.21540131473887225,75.90307879499996,-0.3000935522810444
3/5/2018,92.339996,94.269997,92.260002,93.639999,90.630821,23901600,MSFT,1.9300010000000043,0.571037000000004,0.6340643677315461,76.03454039499996,-0.5217080366819227
3/6/2018,94.339996,94.489998,92.940002,93.32,90.32109799999999,22175800,MSFT,0.15000200000000063,-0.3097230000000053,-0.34174135970809205,76.16335695999996,-0.5952545571515144
3/7/2018,93.160004,93.940002,92.43,93.860001,90.843742,26716100,MSFT,0.7799980000000062,0.5226440000000139,0.5786510699858916,76.29488203499996,0.6152795528411636
3/8/2018,94.269997,95.099998,93.769997,94.43,91.395432,25887800,MSFT,0.8300009999999958,0.5516899999999936,0.6072955471164931,76.42554247499994,0.1234021073164504
3/9/2018,95.290001,96.540001,95.0,96.540001,93.43763,36937300,MSFT,1.25,2.042197999999999,2.2344639718974157,76.56531748499995,0.49421310165500554
3/12/2018,96.5,97.209999,96.040001,96.769997,93.660225,26073700,MSFT,0.7099989999999963,0.22259499999999832,0.23822843109355674,76.70577635499995,0.3637431545993386
3/13/2018,97.0,97.239998,93.970001,94.410004,91.376083,35387800,MSFT,0.23999799999999993,-2.284142000000003,-2.438753483669298,76.83076238999995,-1.7924704863893637
3/14/2018,95.120003,95.410004,93.5,93.849998,90.834068,32132000,MSFT,0.29000100000000373,-0.5420149999999921,-0.5931694401914656,76.95141759999996,-0.07999943867524895
3/15/2018,93.529999,94.58000200000001,92.83000200000001,94.18,91.153465,27611000,MSFT,1.0500030000000038,0.31939699999999505,0.3516268807866263,77.07152436999995,0.46058131409577596
3/16/2018,94.68,95.379997,93.91999799999999,94.599998,91.559967,49081300,MSFT,0.6999969999999962,0.40650200000000325,0.4459534259065201,77.19638108999995,0.33750603031621473
3/19/2018,93.739998,93.900002,92.110001,92.889999,89.904915,33344100,MSFT,0.1600040000000007,-1.6550519999999977,-1.8076153303987041,77.31172307999994,-0.4545625456194413
3/20/2018,93.050003,93.769997,93.0,93.129997,90.137199,23075200,MSFT,0.7199939999999998,0.23228399999999283,0.2583662973264511,77.42031289999994,0.08827342072648126
3/21/2018,92.93,94.050003,92.209999,92.480003,89.508095,24457100,MSFT,1.120002999999997,-0.6291039999999981,-0.6979404807109679,77.52327817999995,-0.5060042487856298
3/22/2018,91.269997,91.75,89.660004,89.790001,86.90454100000001,38604700,MSFT,0.4800029999999964,-2.6035539999999884,-2.908735796466222,77.61208154999994,-0.4090191544867561
3/23/2018,89.5,90.459999,87.08000200000001,87.18,84.378426,44068900,MSFT,0.9599989999999963,-2.5261150000000043,-2.9067698545234832,77.68887411499993,-0.7753133323599726
3/26/2018,90.610001,94.0,90.400002,93.779999,90.766327,56396800,MSFT,3.389999000000003,6.387900999999999,7.570538232130564,77.79970377499994,4.834630571844434
3/27/2018,94.940002,95.139999,88.510002,89.470001,86.594826,56569000,MSFT,0.1999969999999962,-4.171501000000006,-4.59586846562603,77.89744650499993,-2.8946916529962063
3/28/2018,89.82,91.230003,88.870003,89.389999,86.51738,52501100,MSFT,1.4100030000000032,-0.0774459999999948,-0.08943490457500314,77.99737635499993,0.20606051232411327
3/29/2018,90.18,92.290001,88.400002,91.269997,88.33698299999999,45867500,MSFT,2.110000999999997,1.8196029999999865,2.103164705172511,78.10225668999993,0.8253872734751644
4/2/2018,90.470001,90.879997,87.510002,88.519997,85.675354,48515400,MSFT,0.4099960000000067,-2.6616289999999907,-3.013040415926349,78.19564036499993,-0.8545663791177827
4/3/2018,89.58000200000001,90.050003,87.889999,89.709999,86.82710300000001,37213800,MSFT,0.47000099999999634,1.1517490000000095,1.3443177602744605,78.29654665999993,0.06260799402875161
4/4/2018,87.849998,92.760002,87.730003,92.33000200000001,89.362923,35560000,MSFT,4.910004000000001,2.535819999999987,2.9205396844807607,78.40965529499994,1.8506322832582578
4/5/2018,92.440002,93.07,91.400002,92.379997,89.411301,29771900,MSFT,0.6299979999999863,0.04837799999999959,0.054136546093053184,78.51885844499994,-0.7350632158950487
4/6/2018,91.489998,92.459999,89.480003,90.230003,87.330399,38026000,MSFT,0.9700009999999963,-2.0809019999999947,-2.3273366752598723,78.62223357499994,-0.09874331072879938
4/9/2018,91.040001,93.16999799999999,90.620003,90.769997,87.85303499999999,31533900,MSFT,2.129996999999989,0.5226359999999914,0.5984582756801471,78.72650565499994,0.10562526230060154
4/10/2018,92.389999,93.279999,91.639999,92.879997,89.895241,26812000,MSFT,0.8900000000000006,2.0422060000000073,2.324570801680337,78.84103652499994,0.7345331123657095
4/11/2018,92.010002,93.290001,91.480003,91.860001,88.90802,24872100,MSFT,1.2799990000000037,-0.9872210000000052,-1.098190503766494,78.94610236499994,-0.5739892846243877
4/12/2018,92.43,94.160004,92.43,93.58000200000001,90.572739,26758900,MSFT,1.7300039999999939,1.6647190000000052,1.872405886443107,79.06273356999993,1.0496959125807281
4/13/2018,94.050003,94.18,92.440002,93.08000200000001,90.088814,23346100,MSFT,0.12999700000000303,-0.4839249999999993,-0.5342943200602579,79.18323787499995,-0.24096119566205942
4/16/2018,94.07,94.660004,93.41999799999999,94.16999799999999,91.143784,20288100,MSFT,0.5900040000000075,1.0549699999999973,1.171033287218104,79.30620429999993,0.348840297875741
4/17/2018,95.0,96.540001,94.879997,96.07,92.98271899999999,26771000,MSFT,1.5400010000000037,1.8389349999999922,2.0176197643933635,79.44461047999994,0.9477826472208406
4/18/2018,96.220001,96.720001,95.519997,96.440002,93.340836,21043300,MSFT,0.5,0.3581170000000071,0.38514360931949376,79.58270973499994,0.31111171490976197
4/19/2018,96.440002,97.07,95.339996,96.110001,93.021439,23552500,MSFT,0.6299979999999863,-0.31939699999999505,-0.3421835647582916,79.72283504999994,0.2125692969055737
4/20/2018,95.910004,96.110001,94.050003,95.0,91.94710500000001,31154400,MSFT,0.1999969999999962,-1.0743339999999932,-1.154931606680465,79.85325054499994,-0.3069858336394504
4/23/2018,95.739998,96.290001,94.629997,95.349998,92.28585799999999,22331800,MSFT,0.5500030000000038,0.33875299999998276,0.36842160500865084,79.98779106499994,0.3834243833630846
4/24/2018,96.239998,96.470001,92.410004,93.120003,90.127525,34524800,MSFT,0.2300029999999964,-2.1583329999999847,-2.338747286718601,80.10729709999993,-0.9920170099444792
4/25/2018,93.300003,93.300003,90.279999,92.309998,89.343552,33729300,MSFT,0.0,-0.7839730000000031,-0.8698485839925163,80.22040428499993,-1.1170037543375089
4/26/2018,93.550003,95.150002,93.099998,94.260002,91.230896,42529000,MSFT,1.5999989999999968,1.8873439999999988,2.1124568676204047,80.34290058499992,1.0958744050471703
4/27/2018,97.599998,97.900002,93.910004,95.82,92.74076099999999,48272800,MSFT,0.30000400000000127,1.5098649999999907,1.6549930628763976,80.46741607999992,1.561107571645759
4/30/2018,96.33000200000001,96.400002,93.150002,93.519997,90.514664,41523600,MSFT,0.06999999999999318,-2.2260969999999958,-2.4003436849089455,80.57784549999992,-1.631280239498567
5/1/2018,93.209999,95.290001,92.790001,95.0,91.94710500000001,31408900,MSFT,2.0800020000000075,1.4324410000000114,1.582551309034308,80.69062217999992,1.4048624451655556
5/2/2018,94.989998,95.16999799999999,93.190002,93.510002,90.50500500000001,27471000,MSFT,0.1799999999999926,-1.4420999999999964,-1.5684017457645805,80.79347107499993,-0.8966568162826483
5/3/2018,92.959999,94.93,92.449997,94.07,91.04699699999999,31142500,MSFT,1.9700010000000105,0.5419919999999792,0.5988530689545524,80.89926834499992,0.8192188777305764
5/4/2018,93.32,95.370003,92.91999799999999,95.160004,92.101967,22531300,MSFT,2.050003000000004,1.0549700000000115,1.158709276265335,81.00767078999992,-0.13591255963063542
5/7/2018,95.16999799999999,96.709999,95.099998,96.220001,93.127899,24242000,MSFT,1.5400010000000037,1.0259319999999974,1.1139088918698192,81.11948669999991,0.775566380548609
5/8/2018,95.849998,96.160004,95.059998,95.809998,92.731087,23484600,MSFT,0.31000600000000134,-0.39681199999999706,-0.42609358125860197,81.23136845499992,-0.42609358125860197
5/9/2018,96.010002,96.970001,95.050003,96.940002,93.82476,27327400,MSFT,0.9599989999999963,1.0936729999999955,1.1794027605866342,81.34962429499993,0.212819836185707
5/10/2018,97.459999,97.949997,97.050003,97.910004,94.76359599999999,22388100,MSFT,0.48999799999999993,0.9388359999999949,1.0006271265708522,81.46976162499993,0.06557277792034188
5/11/2018,97.800003,97.870003,97.040001,97.699997,94.560333,16778300,MSFT,0.06999999999999318,-0.20326299999999264,-0.21449481507644919,81.58955017499993,-0.5196241055506423
5/14/2018,97.91999799999999,98.690002,97.309998,98.029999,94.879738,19454100,MSFT,0.7700040000000143,0.31940500000000327,0.3377790558330762,81.71517849499993,0.2901233145640614
5/15/2018,97.239998,97.849998,96.339996,97.32,94.192566,24594000,MSFT,0.6099999999999994,-0.6871720000000039,-0.7242557942139349,81.83794311999993,-0.035553655808195916
5/16/2018,97.360001,97.400002,96.620003,97.150002,94.43557,17384700,MSFT,0.04000100000000373,0.2430039999999991,0.25798638928682394,81.96354355499994,-0.16251266224720506
5/17/2018,96.760002,97.540001,95.83000200000001,96.18,93.492676,17246700,MSFT,0.7799990000000037,-0.9428939999999955,-0.9984521722058659,82.08500153499996,-0.9139816628216724
5/18/2018,96.010002,96.93,96.010002,96.360001,93.667641,17865800,MSFT,0.9199980000000068,0.17496500000000026,0.1871430014475095,82.20885987499996,0.43715142718746547
5/21/2018,97.0,98.010002,96.800003,97.599998,94.873009,19422500,MSFT,1.010002,1.205367999999993,1.2868563648357423,82.33926945999995,0.5350103022892849
5/22/2018,97.68,98.16999799999999,97.199997,97.5,94.775795,15441200,MSFT,0.4899979999999857,-0.09721399999999392,-0.10246749947605549,82.46666630999997,0.17554898216560755
5/23/2018,96.709999,98.730003,96.32,98.660004,95.90338100000001,21251200,MSFT,2.020004,1.127586000000008,1.1897404817337698,82.60103592999997,0.9146052289724649
5/24/2018,98.730003,98.940002,96.809998,98.309998,95.563164,26649300,MSFT,0.20999900000001048,-0.34021700000000976,-0.3547497454756132,82.73184525499995,-0.14988472163568467
5/25/2018,98.300003,98.980003,97.860001,98.360001,95.611763,18363900,MSFT,0.6799999999999926,0.04859899999999584,0.05085536933455703,82.86442311499995,0.2891194341143599
5/29/2018,97.839996,98.879997,97.230003,98.010002,95.271538,28671000,MSFT,1.0400010000000037,-0.34022499999998956,-0.35584010724704074,83.00035313999996,0.7942574375439992
5/30/2018,98.309998,99.25,97.910004,98.949997,96.185272,22158500,MSFT,0.9400020000000069,0.9137339999999909,0.9590839186410349,83.13565552999995,-0.37536988160087326
5/31/2018,99.290001,99.989998,98.610001,98.839996,96.078354,34140900,MSFT,0.6999969999999962,-0.10691799999999319,-0.1111583902366986,83.26522706499996,0.5014240174724072
6/1/2018,99.279999,100.860001,99.16999799999999,100.790001,97.973869,28655600,MSFT,1.5800019999999932,1.895514999999989,1.9728845479596746,83.40418026999996,0.9911169039444223
6/4/2018,101.260002,101.860001,100.849998,101.66999799999999,98.829285,27281600,MSFT,0.5999989999999968,0.8554160000000053,0.8731062769400388,83.54534974499997,0.3979597418208414
6/5/2018,102.0,102.33000200000001,101.529999,102.190002,99.334755,23514400,MSFT,0.33000200000000746,0.5054700000000025,0.5114577121548614,83.69503735999997,0.43869423934179697
6/6/2018,102.480003,102.599998,101.900002,102.489998,99.626366,21122900,MSFT,0.11999500000000296,0.2916110000000032,0.29356391929491465,83.84575169999997,-0.5424879131886051
6/7/2018,102.650002,102.690002,100.379997,100.879997,98.061363,28232200,MSFT,0.04000000000000625,-1.5650030000000044,-1.5708723130581803,83.99027051499998,-1.5600691503133368
6/8/2018,101.089996,101.949997,100.540001,101.629997,98.790398,22165100,MSFT,0.8600009999999969,0.7290349999999961,0.7434477532195727,84.13359391999998,0.44780949786282775
6/11/2018,101.010002,101.589996,100.66999799999999,101.050003,98.226601,23490900,MSFT,0.5799939999999992,-0.5637969999999939,-0.5707002010458484,84.27620706499998,-0.7036771085141003
6/12/2018,101.099998,101.449997,100.75,101.309998,98.479347,18325200,MSFT,0.34999899999999684,0.2527460000000019,0.2573091173133424,84.42022779499999,0.12804183520782608
6/13/2018,101.720001,102.010002,100.559998,100.849998,98.032196,29492900,MSFT,0.29000100000000373,-0.4471510000000052,-0.45405561025907426,84.56138975,-0.13495224409192375
6/14/2018,101.650002,102.029999,101.0,101.41999799999999,98.58626600000001,25691800,MSFT,0.379997000000003,0.55407000000001,0.5651918681899293,84.70527410499999,0.3134262476294225
6/15/2018,101.510002,101.529999,100.07,100.129997,97.332306,65738600,MSFT,0.019997000000003595,-1.2539600000000064,-1.2719418747434874,84.84183427999999,-1.1443821059548775
6/18/2018,100.010002,101.110001,99.41999799999999,100.860001,98.041916,23586000,MSFT,1.0999989999999968,0.7096099999999979,0.7290590649316364,84.97734159499998,0.934749334170415
6/19/2018,99.650002,101.0,99.5,100.860001,98.041916,28653100,MSFT,1.3499979999999994,0.0,0.0,85.10920644999996,0.38327222031891983
6/20/2018,101.370003,102.519997,101.120003,101.870003,99.023697,26180800,MSFT,1.1499940000000066,0.981780999999998,1.0013890385414337,85.24995813499996,0.8307996174664378
6/21/2018,102.08000200000001,102.459999,100.879997,101.139999,98.314095,23198200,MSFT,0.3799969999999888,-0.7096020000000038,-0.7165981694260526,85.38874338499996,-0.0897298312638184
6/22/2018,100.410004,100.769997,99.629997,100.410004,97.60449200000001,38923100,MSFT,0.3599930000000029,-0.7096029999999871,-0.7217713797802672,85.52498704999996,-0.9040920934246355
6/25/2018,100.0,100.110001,97.300003,98.389999,95.640938,35433300,MSFT,0.1100009999999969,-1.963554000000002,-2.0117455249907934,85.64690790499998,-0.6504449715634575
6/26/2018,98.82,100.08000200000001,98.75,99.08000200000001,96.311661,26897200,MSFT,1.2600020000000143,0.6707229999999953,0.701292787404495,85.77390768499998,0.47988284330438
6/27/2018,99.58000200000001,100.019997,97.400002,97.540001,94.81468199999999,31298400,MSFT,0.43999499999999614,-1.4969790000000103,-1.5543071155215693,85.88968435499997,-0.7258706885458488
6/28/2018,97.379997,99.110001,97.260002,98.629997,95.874222,26650700,MSFT,1.7300039999999939,1.0595400000000126,1.1174851591022605,86.01114210499996,0.5457380063009332
6/29/2018,98.93,99.910004,98.33000200000001,98.610001,95.854782,28053200,MSFT,0.9800039999999939,-0.01944000000000301,-0.020276566103449856,86.12996255999995,-0.16426451198715553
7/2/2018,98.099998,100.059998,98.0,100.010002,97.21566800000001,19564500,MSFT,1.9599999999999937,1.3608860000000078,1.4197372020521737,86.25769617499995,1.2059416853868132
7/3/2018,100.480003,100.629997,98.940002,99.050003,96.282494,14670300,MSFT,0.14999400000000662,-0.9331740000000082,-0.9599008258627695,86.37817598999995,-0.6067604898954526
7/5/2018,99.5,99.91999799999999,99.029999,99.760002,96.972656,18977400,MSFT,0.41999799999999254,0.6901620000000008,0.7168094337066,86.50282545499995,-0.0989757161598881
7/6/2018,99.889999,101.43,99.66999799999999,101.160004,98.33354200000001,19234600,MSFT,1.5400010000000037,1.3608860000000078,1.4033708636381093,86.63293737999994,0.5575398852523117
7/9/2018,101.650002,102.25,101.25,101.849998,99.00425,18212000,MSFT,0.5999979999999994,0.6707079999999905,0.682074484818207,86.76879919999996,-0.21838412139141283
7/10/2018,102.0,102.510002,101.860001,102.120003,99.266701,19293100,MSFT,0.5100020000000001,0.26245099999999866,0.2650906400482711,86.90947195999996,-0.09472641723893283
7/11/2018,101.150002,102.339996,101.099998,101.980003,99.130623,19644600,MSFT,1.1899939999999987,-0.1360779999999977,-0.13708322995442668,87.04850577499995,0.5943500976186677
7/12/2018,102.769997,104.410004,102.730003,104.190002,101.278885,24335900,MSFT,1.640006999999997,2.1482620000000026,2.167102288865874,87.20379240999995,1.2604940828541356
7/13/2018,104.370003,105.599998,104.089996,105.43,102.48423000000001,24635200,MSFT,1.2299950000000024,1.2053450000000083,1.1901246740621207,87.36510576999994,1.1113906921156547
7/16/2018,105.400002,105.82,104.519997,104.910004,101.978752,21786900,MSFT,0.41999799999999254,-0.5054780000000108,-0.4932251527869358,87.52106405999993,-0.4038147023196603
7/17/2018,104.610001,106.5,104.32,105.949997,102.9897,25901700,MSFT,1.889999000000003,1.010947999999999,0.9913319982578273,87.68198122499993,0.5868146653591255
7/18/2018,105.940002,106.050003,104.720001,105.120003,102.182884,29493900,MSFT,0.1100009999999969,-0.8068159999999978,-0.7833948443388028,87.83589288999994,-0.9937684644587108
7/19/2018,104.93,105.309998,103.889999,104.400002,101.483009,40171600,MSFT,0.3799979999999863,-0.6998750000000058,-0.684923905651369,87.98573011499994,-0.3077771376227667
7/20/2018,108.08000200000001,108.199997,106.08000200000001,106.269997,103.300751,56004000,MSFT,0.11999499999998875,1.8177420000000097,1.7911786592768486,88.14633340999994,1.9054700121868495
7/23/2018,106.300003,108.139999,106.129997,107.970001,104.95326999999999,29707000,MSFT,1.8399959999999993,1.6525189999999839,1.5997163466894726,88.31313848499994,1.41377747358995
7/24/2018,108.57,108.82,107.260002,107.660004,104.651917,26316600,MSFT,0.25,-0.30135299999999177,-0.2871306439522936,88.47230226999994,-0.7903372052854962
7/25/2018,107.959999,111.150002,107.599998,110.83000200000001,107.733345,30702100,MSFT,3.1900030000000044,3.0814280000000025,2.9444544240885717,88.64672933999995,2.0922035697539476
7/26/2018,110.739998,111.0,109.5,109.620003,106.55715900000001,31372100,MSFT,0.26000200000000007,-1.176185999999987,-1.0917566887020835,88.81388563499995,-0.8558301254783851
7/27/2018,110.18,110.18,106.139999,107.68,104.671364,37005300,MSFT,0.0,-1.8857950000000159,-1.7697496983755112,88.97161295499997,-1.0921410025922396
7/30/2018,107.190002,107.529999,104.760002,105.370003,102.425903,34668300,MSFT,0.3399969999999968,-2.2454609999999917,-2.145248627886409,89.11748998999995,-1.6228978262441962
7/31/2018,106.489998,106.720001,105.379997,106.08000200000001,103.116066,27655200,MSFT,0.2300029999999964,0.6901629999999983,0.6738168566597924,89.26346304499995,0.1808855536902465
8/1/2018,106.029999,106.449997,105.41999799999999,106.279999,103.310478,23628700,MSFT,0.41999799999999254,0.1944119999999998,0.18853706075250276,89.40863481999995,0.355602419795209
8/2/2018,105.400002,108.089996,104.839996,107.57,104.56443,26104300,MSFT,2.6899939999999987,1.2539519999999982,1.2137703980035663,89.55930955999995,0.6689986767927758
8/3/2018,107.800003,108.050003,106.82,108.040001,105.021309,18659600,MSFT,0.25,0.4568790000000007,0.43693538997917614,89.71255624999995,0.00847312542988643
8/6/2018,108.120003,108.41999799999999,107.559998,108.129997,105.10878799999999,20265900,MSFT,0.29999499999999557,0.08747899999998765,0.0832964289180449,89.86614446999994,-0.2834298124183565
8/7/2018,108.559998,109.099998,108.16999799999999,108.879997,105.83783000000001,16080200,MSFT,0.5400000000000063,0.7290420000000211,0.6936070844999476,90.02194006499994,0.36338372249682394
8/8/2018,109.33000200000001,109.75,108.760002,109.489998,106.43078600000001,15487500,MSFT,0.41999799999999254,0.5929560000000009,0.5602495818366693,90.17638708499994,0.6022685551573148
8/9/2018,109.709999,110.160004,109.599998,109.66999799999999,106.605751,13677200,MSFT,0.45000500000000443,0.17496499999998605,0.16439322359227404,90.33161306499994,0.30098771475949304
8/10/2018,109.41999799999999,109.690002,108.379997,109.0,105.95448300000001,18183700,MSFT,0.27000400000001434,-0.6512679999999875,-0.6109126326589887,90.48343896999995,0.059102846612268944
8/13/2018,109.239998,109.58000200000001,108.099998,108.209999,105.186554,18472500,MSFT,0.3400040000000075,-0.7679290000000094,-0.7247725421868245,90.63252748499995,-0.3504228257415809
8/14/2018,108.559998,109.75,108.040001,109.559998,106.498833,16788300,MSFT,1.1900020000000069,1.3122790000000037,1.247572954999554,90.78755445499995,0.6095117927640725
8/15/2018,108.489998,108.989998,106.82,107.660004,105.054649,29982800,MSFT,0.5,-1.444184000000007,-1.3560561738737653,90.91115769999996,-0.6093300504271482
8/16/2018,108.300003,108.860001,107.300003,107.639999,105.035133,21384300,MSFT,0.5599979999999931,-0.01951599999999587,-0.018576997958463792,91.03427994999998,-0.8277169626405012
8/17/2018,107.360001,107.900002,106.690002,107.58000200000001,104.97658500000001,18061500,MSFT,0.5400010000000037,-0.05854799999998761,-0.05574134894462679,91.16051220999998,-0.40775520259438425
8/20/2018,107.510002,107.900002,106.480003,106.870003,104.283783,17914200,MSFT,0.39000000000000057,-0.6928020000000146,-0.6599585993390944,91.28328045999997,-0.8739627596182631
8/21/2018,106.91999799999999,107.349998,105.849998,105.980003,103.415314,22881900,MSFT,0.4300000000000068,-0.8684690000000046,-0.8327939158095266,91.39753674999999,-1.0673383222096433
8/22/2018,105.849998,107.339996,105.779999,107.059998,104.46916999999999,18000600,MSFT,1.489998,1.0538559999999961,1.0190521686178844,91.51663102999999,1.0784202255002318
8/23/2018,107.150002,108.18,106.870003,107.559998,104.95706200000001,18167700,MSFT,1.0299980000000062,0.4878920000000164,0.4670200787466827,91.63658312,0.599819006772806
8/24/2018,107.66999799999999,108.559998,107.559998,108.400002,105.77674099999999,17234000,MSFT,0.8900000000000006,0.8196789999999794,0.7809660297083854,91.76159223500001,0.17913163473004534
8/27/2018,109.269997,109.639999,108.510002,109.599998,106.94769299999999,19662300,MSFT,0.3700019999999995,1.1709519999999998,1.1070032872349422,91.89106622499999,0.3174631453026766
8/28/2018,109.940002,110.5,109.790001,110.260002,107.591743,19151500,MSFT,0.5599979999999931,0.6440500000000071,0.6022102786265915,92.026013045,0.5538856182744523
8/29/2018,110.449997,112.029999,110.269997,112.019997,109.30913500000001,20818000,MSFT,1.5800020000000075,1.717392000000018,1.5962117092944705,92.170601095,1.0581305017626441
8/30/2018,111.66999799999999,112.610001,111.440002,111.949997,109.24083700000001,22798700,MSFT,0.9400030000000044,-0.06829799999999864,-0.06248151172361105,92.31456014000001,0.3423512103610249
8/31/2018,111.690002,112.779999,111.519997,112.33000200000001,109.61164099999999,23222700,MSFT,1.0899969999999968,0.3708039999999784,0.3394371648763439,92.45979806500002,0.33600794528854117
9/4/2018,110.849998,111.959999,110.220001,111.709999,109.006638,22634600,MSFT,1.110000999999997,-0.6050029999999964,-0.5519514118030533,92.60514181,-0.37973365515812096
9/5/2018,111.010002,111.41999799999999,108.099998,108.489998,105.86456299999999,32872400,MSFT,0.4099959999999925,-3.1420750000000055,-2.8824620753829744,92.73371561,-2.6133082667496477
9/6/2018,108.25,108.989998,107.510002,108.739998,106.10850500000001,23477600,MSFT,0.7399979999999999,0.2439420000000183,0.23042838234736962,92.86736238499999,0.5314164569986124
9/7/2018,108.230003,108.720001,107.230003,108.209999,105.59133899999999,22498600,MSFT,0.48999799999999993,-0.5171660000000173,-0.48739354116809075,92.99779722,-0.2930639309933203
9/10/2018,108.839996,109.639999,108.360001,109.379997,106.733025,20727900,MSFT,0.8000030000000038,1.141686000000007,1.081230724804061,93.1282086,0.9074013999906594
9/11/2018,108.900002,111.589996,108.889999,111.239998,108.548004,24301800,MSFT,2.6899939999999987,1.8149790000000081,1.700484924886192,93.27063299,1.3707389417547677
9/12/2018,111.43,111.849998,110.510002,111.709999,109.006638,18891100,MSFT,0.41999799999999254,0.45863399999998933,0.4225172118319076,93.41462812499998,0.3982884847954171
9/13/2018,112.120003,113.730003,112.120003,112.910004,110.17759699999999,26055600,MSFT,1.6099999999999994,1.1709589999999963,1.0742088935904892,93.56153982,0.4827717088680572
9/14/2018,113.360001,113.730003,112.440002,113.370003,110.626465,19122300,MSFT,0.3700019999999995,0.4488680000000045,0.40740405692456516,93.70583101,0.3902023201263649
9/17/2018,113.690002,113.699997,111.860001,112.139999,109.426239,20736500,MSFT,0.009994999999989318,-1.2002260000000007,-1.0849356887612793,93.851538825,-0.5555074572670016
9/18/2018,112.190002,113.699997,111.720001,113.209999,110.47033700000001,22170900,MSFT,1.5099949999999893,1.0440980000000195,0.9541568910177212,93.998469255,0.4115342453552273
9/19/2018,113.050003,113.32,111.040001,111.699997,108.996872,21728400,MSFT,0.2699969999999894,-1.4734650000000187,-1.33381054137639,94.137598855,-1.440361193159856
9/20/2018,112.279999,113.800003,111.93,113.57,110.82163200000001,23714500,MSFT,1.5200040000000001,1.824760000000012,1.6741397863234253,94.30116925499999,0.8637403638383834
9/21/2018,114.0,115.290001,113.510002,114.260002,111.494949,71229700,MSFT,1.2900010000000037,0.6733169999999973,0.6075682047346209,94.46564984499999,0.698939964580958
9/24/2018,113.029999,114.900002,112.220001,114.66999799999999,111.895004,27334500,MSFT,1.870002999999997,0.4000549999999947,0.3588099762259045,94.62639881999999,0.6910146015902119
9/25/2018,114.800003,115.099998,113.75,114.449997,111.68032099999999,22668000,MSFT,0.29999499999999557,-0.21468300000000795,-0.19186111294120511,94.78747124499999,-0.09908463932790657
9/26/2018,114.470001,115.059998,113.739998,113.980003,111.221718,19352000,MSFT,0.5899969999999968,-0.45860299999999654,-0.4106390417699446,94.93820672,-0.1114162385928208
9/27/2018,114.779999,114.910004,114.199997,114.410004,111.641304,19091300,MSFT,0.13000499999999704,0.41958600000000956,0.3772518601088404,95.08588628,0.09782787497241152
9/28/2018,114.190002,114.57,113.68,114.370003,111.60226399999999,21647800,MSFT,0.3799979999999863,-0.039040000000014174,-0.0349691365124305,95.23168481,-0.045272234197690775
10/1/2018,114.75,115.68,114.730003,115.610001,112.812271,18883100,MSFT,0.9300000000000068,1.2100070000000045,1.0842136679234393,95.3846412,0.7367706512653838
10/2/2018,115.300003,115.839996,114.440002,115.150002,112.363396,20787200,MSFT,0.5399929999999955,-0.448875000000001,-0.39789554453699694,95.53853227000002,-0.3396063865225285
10/3/2018,115.41999799999999,116.18,114.93,115.16999799999999,112.38290400000001,16648000,MSFT,0.7600020000000143,0.019508000000016068,0.017361525812220613,95.68211679,-0.03753008494014054
10/4/2018,114.610001,114.760002,111.629997,112.790001,110.060501,34821700,MSFT,0.15000100000000316,-2.3224030000000084,-2.066509155164742,95.816353125,-1.2849140328526243
10/5/2018,112.629997,113.16999799999999,110.639999,112.129997,109.416473,29068900,MSFT,0.5400009999999895,-0.6440280000000058,-0.5851581576936549,95.95001847500002,-0.025460910682095772
10/8/2018,111.660004,112.029999,109.339996,110.849998,108.16745,29640600,MSFT,0.36999500000000296,-1.249022999999994,-1.141531038018373,96.07893186000001,-1.141531038018373
10/9/2018,111.139999,113.08000200000001,110.800003,112.260002,109.54333500000001,26198600,MSFT,1.9400030000000044,1.375885000000011,1.27199541081906,96.21482103,1.4179106488013016
10/10/2018,111.239998,111.5,105.790001,106.160004,103.590958,61376300,MSFT,0.26000200000000007,-5.952377000000013,-5.433810281565754,96.32090025000001,-2.2674962056808856
10/11/2018,105.349998,108.93,104.199997,105.910004,103.34700000000001,63904300,MSFT,3.5800020000000075,-0.24395799999999213,-0.23550124905687975,96.42628942500001,1.9671615230148154
10/12/2018,109.010002,111.239998,107.120003,109.57,106.918419,47742100,MSFT,2.229996,3.5714189999999917,3.455754884031448,96.54804258500002,2.0669158935234577
10/15/2018,108.910004,109.480003,106.949997,107.599998,104.996094,32068100,MSFT,0.5699989999999957,-1.9223250000000007,-1.7979362377215868,96.66013594000002,-1.2362336152105802
10/16/2018,109.540001,111.410004,108.949997,111.0,108.31381999999999,31610200,MSFT,1.870002999999997,3.3177259999999933,3.1598565942843493,96.78968485500002,0.9732629422856132
10/17/2018,111.68,111.809998,109.550003,110.709999,108.03083799999999,26548200,MSFT,0.1299979999999863,-0.28298200000000406,-0.2612612130197256,96.915844065,-0.27909004595851883
10/18/2018,110.099998,110.529999,107.83000200000001,108.5,105.874321,32506200,MSFT,0.4300010000000043,-2.156516999999994,-1.996205009536256,97.02929404000001,-0.5520968553006766
10/19/2018,108.93,110.860001,108.209999,108.660004,106.03045700000001,32785500,MSFT,1.93000099999999,0.15613600000001782,0.14747296466723903,97.13986396,0.2017439535256349
10/22/2018,109.32,110.540001,108.239998,109.629997,106.97696699999999,26545600,MSFT,1.2200010000000105,0.9465099999999751,0.8926774690785066,97.249964365,1.341558694801892
10/23/2018,107.769997,108.970001,105.110001,108.099998,105.483994,43770400,MSFT,1.2000039999999927,-1.4929729999999921,-1.3956022888553132,97.35216648,-0.8865481668495989
10/24/2018,108.410004,108.489998,101.589996,102.32,99.84388,63897800,MSFT,0.07999399999999923,-5.640113999999997,-5.34689082781602,97.42645694999999,-2.3170215532748233
10/25/2018,106.550003,109.269997,106.150002,108.300003,105.679176,61646800,MSFT,2.719994,5.835296,5.844420308986398,97.53185058499999,4.050367519213038
10/26/2018,105.690002,108.75,104.760002,106.959999,104.371597,55523100,MSFT,3.059997999999993,-1.307579000000004,-1.2373099881096805,97.62945404,0.521419347709795
10/29/2018,108.110001,108.699997,101.629997,103.849998,101.336845,55162000,MSFT,0.5899959999999993,-3.0347519999999975,-2.9076416259109283,97.70456237500001,-2.353615300526879
10/30/2018,103.660004,104.379997,100.110001,103.730003,101.219749,65350900,MSFT,0.7199930000000023,-0.11709600000000364,-0.11555125877463768,97.78510608,-1.5974037097760685
10/31/2018,105.440002,108.139999,105.389999,106.809998,104.225212,51062400,MSFT,2.699996999999996,3.005463000000006,2.9692456558057634,97.87205527500001,1.901157075795168
11/1/2018,107.050003,107.32,105.529999,105.91999799999999,103.35674300000001,33384200,MSFT,0.2699969999999894,-0.8684689999999904,-0.8332619174715505,97.95485469,-1.8974449813990768
11/2/2018,106.480003,107.32,104.980003,106.160004,103.590958,37680200,MSFT,0.8399969999999968,0.23421499999999185,0.22660834039631705,98.03930686500001,0.8188921404133187
11/5/2018,106.370003,107.739998,105.900002,107.510002,104.90828700000002,27922100,MSFT,1.369995000000003,1.317329000000015,1.2716640770906062,98.12259086,0.719983935927071
11/6/2018,107.379997,108.839996,106.279999,107.720001,105.113197,24340200,MSFT,1.4599989999999963,0.20490999999998394,0.19532298721069985,98.205502465,-0.4374636521263575
11/7/2018,109.440002,112.239998,109.400002,111.959999,109.25058700000001,37901700,MSFT,2.799995999999993,4.137390000000011,3.9361280201571702,98.30948645499998,1.7952347336719132
11/8/2018,111.800003,112.209999,110.910004,111.75,109.04567,25644100,MSFT,0.4099959999999925,-0.2049170000000089,-0.18756604026302082,98.409989235,-0.006061817010394321
11/9/2018,110.849998,111.449997,108.760002,109.57,106.918419,32039200,MSFT,0.5999989999999968,-2.127251000000001,-1.9507890592996513,98.49152293499999,-0.9739740805795871
11/12/2018,109.41999799999999,109.959999,106.099998,106.870003,104.283783,33621800,MSFT,0.5400010000000037,-2.6346360000000004,-2.4641554043181246,98.560557815,-0.5956289242187385
11/13/2018,107.550003,108.739998,106.639999,106.940002,104.35206600000001,35374600,MSFT,1.1899949999999961,0.06828300000000809,0.06547806191496974,98.63561782,0.2525911505421141
11/14/2018,108.099998,108.260002,104.470001,104.970001,102.87224599999999,39495100,MSFT,0.1600040000000007,-1.479820000000018,-1.4181032122545734,98.69234480999998,-0.7344291482971776
11/15/2018,104.989998,107.800003,103.910004,107.279999,105.136086,38505200,MSFT,2.810005000000004,2.263840000000016,2.2006324232485497,98.76400347999997,1.1569599494743565
11/16/2018,107.08000200000001,108.879997,106.800003,108.290001,106.12590800000001,33502100,MSFT,1.7999949999999956,0.9898220000000038,0.9414674234686782,98.85255671999998,0.6814090974158526
11/19/2018,108.269997,108.559998,103.550003,104.620003,102.529251,44773900,MSFT,0.2900009999999895,-3.5966570000000075,-3.3890470930057925,98.94133376499998,-1.6976053483455544
11/20/2018,101.800003,102.970001,99.349998,101.709999,99.677406,64052500,MSFT,1.1699979999999925,-2.8518449999999973,-2.781494034321963,98.99981204499998,-0.9308744832300375
11/21/2018,103.599998,104.43,102.239998,103.110001,101.049423,28130600,MSFT,0.8300020000000075,1.3720169999999996,1.3764573688845871,99.07343508999999,1.0357019286997282
11/23/2018,102.16999799999999,103.809998,102.0,103.07,101.010223,13823100,MSFT,1.6400000000000006,-0.03920000000000812,-0.03879289840181821,99.16901884999999,0.6290787921888974
11/26/2018,104.790001,106.629997,104.58000200000001,106.470001,104.34227800000001,32336200,MSFT,1.8399959999999993,3.332055000000011,3.298730466123234,99.265994065,1.6842961978146054
11/27/2018,106.269997,107.33000200000001,105.360001,107.139999,104.99889399999999,29124500,MSFT,1.0600050000000039,0.6566159999999854,0.6292904588492743,99.36167655499999,0.29285221058081845
11/28/2018,107.889999,111.33000200000001,107.860001,111.120003,108.899353,46788500,MSFT,3.4400030000000044,3.900459000000012,3.714761985969117,99.47348953000001,1.4122394611302491
11/29/2018,110.33000200000001,111.120003,109.029999,110.190002,107.98793799999999,28123200,MSFT,0.7900009999999895,-0.9114150000000194,-0.8369333470695794,99.57397037499999,-0.6184322313085744
11/30/2018,110.699997,110.970001,109.360001,110.889999,108.67395,33665600,MSFT,0.27000400000000013,0.6860120000000194,0.6352672462363484,99.66892856499999,0.025729845875699375
12/3/2018,113.0,113.41999799999999,110.730003,112.089996,109.84996000000001,34732800,MSFT,0.41999799999999254,1.176010000000005,1.0821452611228466,99.77296073499998,-0.24199990320104003
12/4/2018,111.940002,112.639999,108.209999,108.519997,106.351295,45197000,MSFT,0.6999969999999962,-3.498665000000017,-3.184948815639088,99.85601527499998,0.05529346131174506
12/6/2018,105.82,109.239998,105.0,109.190002,107.007927,49107400,MSFT,3.4199980000000068,0.6566320000000019,0.6174179637398858,99.94830542999996,0.7691404583667683
12/7/2018,108.379997,109.449997,104.300003,104.82,102.72525,45044900,MSFT,1.0699999999999932,-4.2826769999999925,-4.0022053693274495,100.01802065999996,-1.6786130472939975
12/10/2018,104.800003,107.980003,103.889999,107.589996,105.43988,40801500,MSFT,3.1799999999999926,2.7146299999999997,2.642612210727169,100.09003344499997,2.4528936891222264
12/11/2018,109.800003,110.949997,107.440002,108.589996,106.419899,42381900,MSFT,1.1499939999999924,0.9800189999999986,0.9294576207787841,100.16036490499997,0.9067616951538016
12/12/2018,110.889999,111.269997,109.040001,109.08000200000001,106.900116,36183000,MSFT,0.3799980000000005,0.4802169999999961,0.4512473743279788,100.23900130499996,-0.05230900939077188
12/13/2018,109.58000200000001,110.870003,108.629997,109.449997,107.26271100000001,31333400,MSFT,1.2900009999999895,0.3625950000000131,0.339190464489314,100.32153163499996,0.3730976489553339
12/14/2018,108.25,109.260002,105.5,106.029999,103.911064,47043100,MSFT,1.010002,-3.351647000000014,-3.1247084552990745,100.39175589999995,-1.2782311046817596
12/17/2018,105.410004,105.800003,101.709999,102.889999,100.83381700000001,56957300,MSFT,0.3899990000000031,-3.0772469999999856,-2.9614238191228437,100.44562606499994,-0.9995923397739248
12/18/2018,103.75,104.510002,102.519997,103.970001,101.892235,49319200,MSFT,0.7600020000000001,1.058417999999989,1.049665708876213,100.50193313499994,1.159322090486281
12/19/2018,103.650002,106.879997,101.349998,103.690002,101.617836,68198200,MSFT,3.2299950000000024,-0.2743990000000025,-0.26930315151101336,100.55841682499995,1.2282805570363209
12/20/2018,103.050003,104.309998,98.779999,101.510002,99.4814,70334200,MSFT,1.2599949999999893,-2.1364360000000033,-2.1024222558724825,100.60160511499994,-0.4746435189565634
12/21/2018,101.629997,103.0,97.459999,98.230003,96.266937,111242100,MSFT,1.370002999999997,-3.214462999999995,-3.2312201074773728,100.62596263999994,-1.182261146541863
12/24/2018,97.68,97.970001,93.980003,94.129997,92.248878,43935200,MSFT,0.2900009999999895,-4.018058999999994,-4.173872281819868,100.62001887999993,-1.5315769000732282
12/26/2018,95.139999,100.690002,93.959999,100.559998,98.550377,51634800,MSFT,5.550003000000004,6.301498999999993,6.830976307375791,100.64446963999994,1.7784905201206458
12/27/2018,99.300003,101.190002,96.400002,101.18,99.158005,49498500,MSFT,1.889999000000003,0.6076280000000054,0.6165658808185093,100.68337924999994,-0.1511809318267776
12/28/2018,102.089996,102.410004,99.519997,100.389999,98.383781,38196300,MSFT,0.3200080000000014,-0.7742240000000038,-0.7807982824987292,100.72112781499995,-0.6517992329456268
